2026-09-23 14:01:50 [INFO]: Input arguments: --tb integration_lib::uvmf_mldsa --submit-timeout-arg 3600
2026-09-23 14:01:50 [INFO]: (Expanded) arguments: ['--tb', 'integration_lib::uvmf_mldsa', '--submit-timeout-arg', '3600', '--logparse-cfg=/home/ws/caliptra/mojtabab/caliptra/ws2/common/caliptra_config/config/parse_build_log_config.yml', '--tool', 'vcs', '--analyze-args=-assert svaext', '--analyze-args=-noinherit_timescale=1ns/1ps']
2026-09-23 14:01:50 [INFO]: SE v: Creating...
2026-09-23 14:01:50 [INFO]: SE: Loading config file: /home/ws/caliptra/mojtabab/caliptra/ws2/common/base_config/config/smartexp_globals/vars.yml
2026-09-23 14:01:50 [INFO]: SE: Loading config file: /home/ws/caliptra/mojtabab/caliptra/ws2/common/base_config/config/smartexp_globals/global.yml
2026-09-23 14:01:50 [INFO]: SE: Loading config file: /home/ws/caliptra/mojtabab/caliptra/ws2/Caliptra/config/smartexp_roots/frontend/build.yml
2026-09-23 14:01:50 [INFO]: SE: Loading config file: /home/ws/caliptra/mojtabab/caliptra/ws2/common/base_config/config/smartexp_roots/frontend/build.yml
2026-09-23 14:01:50 [INFO]: SE: Loading config file: /home/ws/caliptra/mojtabab/caliptra/ws2/common/verif/src/frameworks/3rd_party/config/smartexp_roots/frontend/build.yml
2026-09-23 14:01:50 [INFO]: SE v: Evaluating...
2026-09-23 14:01:50 [INFO]: Using default config : /home/ws/caliptra/mojtabab/caliptra/ws2/common/infra/sim_tools/etc/default_config.yml
2026-09-23 14:01:50 [INFO]: Reading YAML config /home/ws/caliptra/mojtabab/caliptra/ws2/common/infra/sim_tools/etc/default_config.yml
2026-09-23 14:01:50 [INFO]: Using platform: sim
Job <48725106> is submitted to queue <caliptra>.
<<Waiting for dispatch ...>>
ClusterId            :  svc
Queue                :  caliptra
Fairshare/UserGroup  :  caliptra__caliptra__normal
NumCPUs              :  1
Command              :  run_docker run cpscontainers.azurecr.io/dv/dev:r8_latest /home/continuous_integration/release/tools/workspace-tools/v3.0.0/bin/job_wrapper --env-file /home/ws/caliptra/mojtabab/caliptra/ws2/scratch/mojtabab/lsf_logs/20260923/5d14cc34-eeb8-457f-9de2-3edde7e78ab6.env --timeout 3600 --job_id_variable LSB_JOBID pb fe build --tb integration_lib::uvmf_mldsa --submit-timeout-arg 3600
Resource             :  select[os==redhat8&&type==X86_64]rusage[VCS-Base-Runtime-Pkg=1]
LogFile              :  /home/ws/caliptra/mojtabab/caliptra/ws2/scratch/mojtabab/lsf_logs/20260923/48725106.log
JobId                :  48725106
JobUrl               :  https://lsfrtm.svceng.com/cacti/plugins/heuristics/heuristics_jobs.php?action=viewjob&cluster_tz=false&clusterid=9&indexid=0&jobid=48725106&submit_time=1790197310&start_time=-62169955200&end_time=-62169955200
<<Starting on bronco37701>>
r8_latest: Pulling from dv/dev
Digest: sha256:2bd6a228da30cd0e9a4ccc2b79c2b767e93577a4751b2be6d1d02a3aa69c6256
Status: Image is up to date for cpscontainers.azurecr.io/dv/dev:r8_latest
cpscontainers.azurecr.io/dv/dev:r8_latest
Command: /usr/bin/docker container run --cgroup-parent /lsf/svc/job.48725106.2745434.1790197314 --env-file /tmp/tmpY2SZHu -v /tmp/tmpU16Hw5:/etc/group --group-add 7202 --group-add 120 -v /tmp/tmpxl5t9u:/etc/passwd -v /usr/local/python-3.7.3:/usr/local/python-3.7.3:slave -v /usr/local/modules:/usr/local/modules:slave -v /usr/local/noncad:/usr/local/noncad:slave -v /home:/home:slave -v /etc/resolv.conf:/etc/resolv.conf:slave -v /var/lib/sss:/var/lib/sss:slave -v /etc/krb5.conf:/etc/krb5.conf:slave -v /etc/nsswitch.conf:/etc/nsswitch.conf:slave -v /proj:/proj:slave -v /apps:/apps:slave -h bronco37701 -w / -e USER=mojtabab -e HOME=/home/mojtabab --user 7957:120 --cidfile /tmp/tmpYVdQSc --init --shm-size 1G --cap-add SYS_PTRACE --ipc=host --privileged --net=host --pid=host --rm -i cpscontainers.azurecr.io/dv/dev:r8_latest /bin/sh -c cd /home/ws/caliptra/mojtabab/caliptra/ws2/chipsalliance/caliptra-rtl/submodules/adams-bridge &&  /home/continuous_integration/release/tools/workspace-tools/v3.0.0/bin/job_wrapper --env-file /home/ws/caliptra/mojtabab/caliptra/ws2/scratch/mojtabab/lsf_logs/20260923/5d14cc34-eeb8-457f-9de2-3edde7e78ab6.env --timeout 3600 --job_id_variable LSB_JOBID pb fe build --tb integration_lib::uvmf_mldsa --submit-timeout-arg 3600
2026-09-23 21:01:57,473 [INFO] Setting timeout alarm for 216000 seconds (3600 minutes)
2026-09-23 21:02:00 [INFO]: Input arguments: --tb integration_lib::uvmf_mldsa --submit-timeout-arg 3600
2026-09-23 21:02:00 [INFO]: (Expanded) arguments: ['--tb', 'integration_lib::uvmf_mldsa', '--submit-timeout-arg', '3600', '--logparse-cfg=/home/ws/caliptra/mojtabab/caliptra/ws2/common/caliptra_config/config/parse_build_log_config.yml', '--tool', 'vcs', '--analyze-args=-assert svaext', '--analyze-args=-noinherit_timescale=1ns/1ps']
2026-09-23 21:02:00 [INFO]: SE v: Creating...
2026-09-23 21:02:00 [INFO]: SE: Loading config file: /home/ws/caliptra/mojtabab/caliptra/ws2/common/base_config/config/smartexp_globals/vars.yml
2026-09-23 21:02:00 [INFO]: SE: Loading config file: /home/ws/caliptra/mojtabab/caliptra/ws2/common/base_config/config/smartexp_globals/global.yml
2026-09-23 21:02:00 [INFO]: SE: Loading config file: /home/ws/caliptra/mojtabab/caliptra/ws2/Caliptra/config/smartexp_roots/frontend/build.yml
2026-09-23 21:02:00 [INFO]: SE: Loading config file: /home/ws/caliptra/mojtabab/caliptra/ws2/common/base_config/config/smartexp_roots/frontend/build.yml
2026-09-23 21:02:00 [INFO]: SE: Loading config file: /home/ws/caliptra/mojtabab/caliptra/ws2/common/verif/src/frameworks/3rd_party/config/smartexp_roots/frontend/build.yml
2026-09-23 21:02:00 [INFO]: SE v: Evaluating...
2026-09-23 21:02:01 [INFO]: SE v command args action from frameworks_3rd_party_post_targets_conditions_rule: append /home/ws/caliptra/mojtabab/caliptra/ws2/common/verif/src/frameworks/3rd_party/etc/systemc_patch.yml to patch
2026-09-23 21:02:01 [INFO]: Using default config : /home/ws/caliptra/mojtabab/caliptra/ws2/common/infra/sim_tools/etc/default_config.yml
2026-09-23 21:02:01 [INFO]: Reading YAML config /home/ws/caliptra/mojtabab/caliptra/ws2/common/infra/sim_tools/etc/default_config.yml
2026-09-23 21:02:01 [INFO]: Reading YAML config /home/ws/caliptra/mojtabab/caliptra/ws2/common/verif/src/frameworks/3rd_party/etc/systemc_patch.yml
2026-09-23 21:02:01 [INFO]: Using platform: sim
2026-09-23 21:02:03 [INFO]: Logging output to file: /home/ws/caliptra/mojtabab/caliptra/ws2/scratch/mojtabab/libs/vcs/R-2020.12-SP2-7_Full64/integration_lib/uvmf_mldsa/build.log
2026-09-23 21:02:03 [WARNING]: Invalid repo: /home/ws/caliptra/mojtabab/caliptra/ws2/Caliptra
2026-09-23 21:02:03 [INFO]: Loading repo configs from /home/ws/caliptra/mojtabab/caliptra/ws2/chipsalliance/caliptra-rtl/config/compilespecs.yml
2026-09-23 21:02:05 [INFO]: Searching for global collateral in all components
2026-09-23 21:02:05 [WARNING]: Found multiple global options sections that lead to different sources.
integration_lib::uvmf_mldsa, integration_lib::abr_coverage
2026-09-23 21:02:05 [WARNING]: Found multiple global options sections that lead to different sources.
integration_lib::uvmf_mldsa, integration_lib::abr_top
2026-09-23 21:02:25 [WARNING]: Timed out trying to lock the compile spec cache
2026-09-23 21:02:25 [INFO]: Writing config file: /home/ws/caliptra/mojtabab/caliptra/ws2/scratch/mojtabab/libs/vcs/R-2020.12-SP2-7_Full64/integration_lib/uvmf_mldsa/build_config.yml
2026-09-23 21:02:25 [INFO]: Logical groups:            packages, tb, rtl, asserts, dpi_compile, dpi_link, systemc, elab
2026-09-23 21:02:25 [INFO]: Mapped Physical libraries: packages, tb, rtl, asserts, dpi_compile, dpi_link, systemc, elab
2026-09-23 21:02:25 [INFO]: Component providing global collateral: integration_lib::uvmf_mldsa
2026-09-23 21:02:25 [INFO]: Component providing global collateral: integration_lib::uvmf_mldsa
2026-09-23 21:02:25 [INFO]: vlogan -full64 -sverilog -kdb=common_elab -incr_vlogan +lint=IA_CHECKFAIL -vts_ignore_env='*OSCI_*' -vts_ignore_env='*QSYS_*' -vts_ignore_env='*QT_*' -vts_ignore_env='*SELINUX_*' -vts_ignore_env='*SSH*' -vts_ignore_env='*VOV*' -vts_ignore_env='*XDG*' -vts_ignore_env='*_LMFILES_*' -vts_ignore_env='VSCODE_*' -vts_ignore_env='TERM_PROGRAM*' -vts_ignore_env='*_modshare' -vts_ignore_env='DVT*' -vts_ignore_env=COLORTERM -vts_ignore_env=LIBGL_ALWAYS_INDIRECT -vts_ignore_env=ELECTRON_RUN_AS_NODE -vts_ignore_env=LOADEDMODULES -vts_ignore_env=LD_LIBRARY_PATH_BACKUP -vts_ignore_env=GIT_ASKPASS -vts_ignore_env=CPS_LOCAL_DIR -vts_ignore_env=JOB_LOCAL_DIR -vts_ignore_env=COMODULE_CACHE -vts_ignore_env=HOST -vts_ignore_env=HOSTNAME -vts_ignore_env=NC_NOLOG -vts_ignore_env=NC_JOBID -vts_ignore_env=NC_SLAVE_PID -vts_ignore_env=NC_TASKER_PID -vts_ignore_env=COMPUTE_SITE -vts_ignore_env=SIM_COLLATERAL_SIM_PATH -vts_ignore_env=SUBMIT_JOB_LOG_FILE -vts_ignore_env=UNAMEV -vts_ignore_env=VTS_USER_IGNORE_ENV -assert svaext +define+ABR_ASSERT_ON +define+SIMULATION -noinherit_timescale=1ns/1ps +warn=noRVOSFD -suppress=SV-LCM-PPWI  -f /home/pure_scratch/caliptra/users/users/mojtabab/workspaces/ws2-5f7b9b94d323d09d7504a798296fd540/mojtabab/libs/vcs/R-2020.12-SP2-7_Full64/integration_lib/uvmf_mldsa/tb_files.verilog.f -assert svaext -noinherit_timescale=1ns/1ps  -work tb
                         Chronologic VCS (TM)
      Version R-2020.12-SP2-7_Full64 -- Wed Sep 23 21:02:26 2026

                    Copyright (c) 1991 - 2022 Synopsys, Inc.
   This software and the associated documentation are proprietary to Synopsys,
 Inc. This software may only be used in accordance with the terms and conditions
 of a written license agreement with Synopsys, Inc. All other use, reproduction,
   or distribution of this software is strictly prohibited.  Licensed Products
     communicate with Synopsys servers for the purpose of providing software
    updates, detecting software piracy and verifying that customers are using
    Licensed Products in conformity with the applicable License Key for such
  Licensed Products. Synopsys will use information gathered in connection with
    this process to deliver software updates and pursue software pirates and
                                   infringers.

 Inclusivity & Diversity - Visit SolvNetPlus to read the "Synopsys Statement on
            Inclusivity and Diversity" (Refer to article 000036315 at
                        https://solvnetplus.synopsys.com)


Lint-[IA_CHECKFAIL] Incr-Analysis checking fail
  The design has to be re-analyzed due to inconsistent environment variables.
  Mismatching env variable: __LSF_JOB_TMPDIR__=/tmp/48725106.tmpdir.

*WARN* Open /home/mojtabab/manage.rc for read error: No such file or directory
*WARN* "/home/mojtabab/manage.rc" is invalid rcfile.
Parsing design file '/home/cad/tools/mentor/questa/2022.2_1/questasim/verilog_src/uvm-1.1d/src/uvm_pkg.sv'
Parsing included file '/home/cad/tools/mentor/questa/2022.2_1/questasim/verilog_src/uvm-1.1d/src/uvm_macros.svh'.
Parsing included file '/home/cad/tools/mentor/questa/2022.2_1/questasim/verilog_src/uvm-1.1d/src/macros/uvm_version_defines.svh'.
Back to file '/home/cad/tools/mentor/questa/2022.2_1/questasim/verilog_src/uvm-1.1d/src/uvm_macros.svh'.
Parsing included file '/home/cad/tools/mentor/questa/2022.2_1/questasim/verilog_src/uvm-1.1d/src/macros/uvm_message_defines.svh'.
Back to file '/home/cad/tools/mentor/questa/2022.2_1/questasim/verilog_src/uvm-1.1d/src/uvm_macros.svh'.
Parsing included file '/home/cad/tools/mentor/questa/2022.2_1/questasim/verilog_src/uvm-1.1d/src/macros/uvm_phase_defines.svh'.
Back to file '/home/cad/tools/mentor/questa/2022.2_1/questasim/verilog_src/uvm-1.1d/src/uvm_macros.svh'.
Parsing included file '/home/cad/tools/mentor/questa/2022.2_1/questasim/verilog_src/uvm-1.1d/src/macros/uvm_object_defines.svh'.
Back to file '/home/cad/tools/mentor/questa/2022.2_1/questasim/verilog_src/uvm-1.1d/src/uvm_macros.svh'.
Parsing included file '/home/cad/tools/mentor/questa/2022.2_1/questasim/verilog_src/uvm-1.1d/src/macros/uvm_printer_defines.svh'.
Back to file '/home/cad/tools/mentor/questa/2022.2_1/questasim/verilog_src/uvm-1.1d/src/uvm_macros.svh'.
Parsing included file '/home/cad/tools/mentor/questa/2022.2_1/questasim/verilog_src/uvm-1.1d/src/macros/uvm_tlm_defines.svh'.
Parsing included file '/home/cad/tools/mentor/questa/2022.2_1/questasim/verilog_src/uvm-1.1d/src/tlm1/uvm_tlm_imps.svh'.
Back to file '/home/cad/tools/mentor/questa/2022.2_1/questasim/verilog_src/uvm-1.1d/src/macros/uvm_tlm_defines.svh'.
Back to file '/home/cad/tools/mentor/questa/2022.2_1/questasim/verilog_src/uvm-1.1d/src/uvm_macros.svh'.
Parsing included file '/home/cad/tools/mentor/questa/2022.2_1/questasim/verilog_src/uvm-1.1d/src/macros/uvm_sequence_defines.svh'.
Back to file '/home/cad/tools/mentor/questa/2022.2_1/questasim/verilog_src/uvm-1.1d/src/uvm_macros.svh'.
Parsing included file '/home/cad/tools/mentor/questa/2022.2_1/questasim/verilog_src/uvm-1.1d/src/macros/uvm_callback_defines.svh'.
Back to file '/home/cad/tools/mentor/questa/2022.2_1/questasim/verilog_src/uvm-1.1d/src/uvm_macros.svh'.
Parsing included file '/home/cad/tools/mentor/questa/2022.2_1/questasim/verilog_src/uvm-1.1d/src/macros/uvm_reg_defines.svh'.
Back to file '/home/cad/tools/mentor/questa/2022.2_1/questasim/verilog_src/uvm-1.1d/src/uvm_macros.svh'.
Parsing included file '/home/cad/tools/mentor/questa/2022.2_1/questasim/verilog_src/uvm-1.1d/src/macros/uvm_deprecated_defines.svh'.
Back to file '/home/cad/tools/mentor/questa/2022.2_1/questasim/verilog_src/uvm-1.1d/src/uvm_macros.svh'.
Back to file '/home/cad/tools/mentor/questa/2022.2_1/questasim/verilog_src/uvm-1.1d/src/uvm_pkg.sv'.
Parsing included file '/home/cad/tools/mentor/questa/2022.2_1/questasim/verilog_src/uvm-1.1d/src/dpi/uvm_dpi.svh'.
Parsing included file '/home/cad/tools/mentor/questa/2022.2_1/questasim/verilog_src/uvm-1.1d/src/dpi/uvm_hdl.svh'.
Back to file '/home/cad/tools/mentor/questa/2022.2_1/questasim/verilog_src/uvm-1.1d/src/dpi/uvm_dpi.svh'.
Parsing included file '/home/cad/tools/mentor/questa/2022.2_1/questasim/verilog_src/uvm-1.1d/src/dpi/uvm_svcmd_dpi.svh'.
Back to file '/home/cad/tools/mentor/questa/2022.2_1/questasim/verilog_src/uvm-1.1d/src/dpi/uvm_dpi.svh'.
Parsing included file '/home/cad/tools/mentor/questa/2022.2_1/questasim/verilog_src/uvm-1.1d/src/dpi/uvm_regex.svh'.
Back to file '/home/cad/tools/mentor/questa/2022.2_1/questasim/verilog_src/uvm-1.1d/src/dpi/uvm_dpi.svh'.
Back to file '/home/cad/tools/mentor/questa/2022.2_1/questasim/verilog_src/uvm-1.1d/src/uvm_pkg.sv'.
Parsing included file '/home/cad/tools/mentor/questa/2022.2_1/questasim/verilog_src/uvm-1.1d/src/base/uvm_base.svh'.
Parsing included file '/home/cad/tools/mentor/questa/2022.2_1/questasim/verilog_src/uvm-1.1d/src/base/uvm_version.svh'.
Back to file '/home/cad/tools/mentor/questa/2022.2_1/questasim/verilog_src/uvm-1.1d/src/base/uvm_base.svh'.
Parsing included file '/home/cad/tools/mentor/questa/2022.2_1/questasim/verilog_src/uvm-1.1d/src/base/uvm_object_globals.svh'.
Back to file '/home/cad/tools/mentor/questa/2022.2_1/questasim/verilog_src/uvm-1.1d/src/base/uvm_base.svh'.
Parsing included file '/home/cad/tools/mentor/questa/2022.2_1/questasim/verilog_src/uvm-1.1d/src/base/uvm_misc.svh'.
Back to file '/home/cad/tools/mentor/questa/2022.2_1/questasim/verilog_src/uvm-1.1d/src/base/uvm_base.svh'.
Parsing included file '/home/cad/tools/mentor/questa/2022.2_1/questasim/verilog_src/uvm-1.1d/src/base/uvm_object.svh'.
Back to file '/home/cad/tools/mentor/questa/2022.2_1/questasim/verilog_src/uvm-1.1d/src/base/uvm_base.svh'.
Parsing included file '/home/cad/tools/mentor/questa/2022.2_1/questasim/verilog_src/uvm-1.1d/src/base/uvm_pool.svh'.
Back to file '/home/cad/tools/mentor/questa/2022.2_1/questasim/verilog_src/uvm-1.1d/src/base/uvm_base.svh'.
Parsing included file '/home/cad/tools/mentor/questa/2022.2_1/questasim/verilog_src/uvm-1.1d/src/base/uvm_queue.svh'.
Back to file '/home/cad/tools/mentor/questa/2022.2_1/questasim/verilog_src/uvm-1.1d/src/base/uvm_base.svh'.
Parsing included file '/home/cad/tools/mentor/questa/2022.2_1/questasim/verilog_src/uvm-1.1d/src/base/uvm_factory.svh'.
Back to file '/home/cad/tools/mentor/questa/2022.2_1/questasim/verilog_src/uvm-1.1d/src/base/uvm_base.svh'.
Parsing included file '/home/cad/tools/mentor/questa/2022.2_1/questasim/verilog_src/uvm-1.1d/src/base/uvm_registry.svh'.
Back to file '/home/cad/tools/mentor/questa/2022.2_1/questasim/verilog_src/uvm-1.1d/src/base/uvm_base.svh'.
Parsing included file '/home/cad/tools/mentor/questa/2022.2_1/questasim/verilog_src/uvm-1.1d/src/base/uvm_spell_chkr.svh'.
Back to file '/home/cad/tools/mentor/questa/2022.2_1/questasim/verilog_src/uvm-1.1d/src/base/uvm_base.svh'.
Parsing included file '/home/cad/tools/mentor/questa/2022.2_1/questasim/verilog_src/uvm-1.1d/src/base/uvm_resource.svh'.
Back to file '/home/cad/tools/mentor/questa/2022.2_1/questasim/verilog_src/uvm-1.1d/src/base/uvm_base.svh'.
Parsing included file '/home/cad/tools/mentor/questa/2022.2_1/questasim/verilog_src/uvm-1.1d/src/deprecated/uvm_resource_converter.svh'.
Back to file '/home/cad/tools/mentor/questa/2022.2_1/questasim/verilog_src/uvm-1.1d/src/base/uvm_base.svh'.
Parsing included file '/home/cad/tools/mentor/questa/2022.2_1/questasim/verilog_src/uvm-1.1d/src/base/uvm_resource_specializations.svh'.
Back to file '/home/cad/tools/mentor/questa/2022.2_1/questasim/verilog_src/uvm-1.1d/src/base/uvm_base.svh'.
Parsing included file '/home/cad/tools/mentor/questa/2022.2_1/questasim/verilog_src/uvm-1.1d/src/base/uvm_resource_db.svh'.
Back to file '/home/cad/tools/mentor/questa/2022.2_1/questasim/verilog_src/uvm-1.1d/src/base/uvm_base.svh'.
Parsing included file '/home/cad/tools/mentor/questa/2022.2_1/questasim/verilog_src/uvm-1.1d/src/base/uvm_config_db.svh'.
Back to file '/home/cad/tools/mentor/questa/2022.2_1/questasim/verilog_src/uvm-1.1d/src/base/uvm_base.svh'.
Parsing included file '/home/cad/tools/mentor/questa/2022.2_1/questasim/verilog_src/uvm-1.1d/src/base/uvm_printer.svh'.
Back to file '/home/cad/tools/mentor/questa/2022.2_1/questasim/verilog_src/uvm-1.1d/src/base/uvm_base.svh'.
Parsing included file '/home/cad/tools/mentor/questa/2022.2_1/questasim/verilog_src/uvm-1.1d/src/base/uvm_comparer.svh'.
Back to file '/home/cad/tools/mentor/questa/2022.2_1/questasim/verilog_src/uvm-1.1d/src/base/uvm_base.svh'.
Parsing included file '/home/cad/tools/mentor/questa/2022.2_1/questasim/verilog_src/uvm-1.1d/src/base/uvm_packer.svh'.
Back to file '/home/cad/tools/mentor/questa/2022.2_1/questasim/verilog_src/uvm-1.1d/src/base/uvm_base.svh'.
Parsing included file '/home/cad/tools/mentor/questa/2022.2_1/questasim/verilog_src/uvm-1.1d/src/base/uvm_recorder.svh'.
Back to file '/home/cad/tools/mentor/questa/2022.2_1/questasim/verilog_src/uvm-1.1d/src/base/uvm_base.svh'.
Parsing included file '/home/cad/tools/mentor/questa/2022.2_1/questasim/verilog_src/uvm-1.1d/src/base/uvm_event_callback.svh'.
Back to file '/home/cad/tools/mentor/questa/2022.2_1/questasim/verilog_src/uvm-1.1d/src/base/uvm_base.svh'.
Parsing included file '/home/cad/tools/mentor/questa/2022.2_1/questasim/verilog_src/uvm-1.1d/src/base/uvm_event.svh'.
Back to file '/home/cad/tools/mentor/questa/2022.2_1/questasim/verilog_src/uvm-1.1d/src/base/uvm_base.svh'.
Parsing included file '/home/cad/tools/mentor/questa/2022.2_1/questasim/verilog_src/uvm-1.1d/src/base/uvm_barrier.svh'.
Back to file '/home/cad/tools/mentor/questa/2022.2_1/questasim/verilog_src/uvm-1.1d/src/base/uvm_base.svh'.
Parsing included file '/home/cad/tools/mentor/questa/2022.2_1/questasim/verilog_src/uvm-1.1d/src/base/uvm_callback.svh'.
Parsing included file '/home/cad/tools/mentor/questa/2022.2_1/questasim/verilog_src/uvm-1.1d/src/uvm_macros.svh'.
Back to file '/home/cad/tools/mentor/questa/2022.2_1/questasim/verilog_src/uvm-1.1d/src/base/uvm_callback.svh'.
Back to file '/home/cad/tools/mentor/questa/2022.2_1/questasim/verilog_src/uvm-1.1d/src/base/uvm_base.svh'.
Parsing included file '/home/cad/tools/mentor/questa/2022.2_1/questasim/verilog_src/uvm-1.1d/src/base/uvm_report_catcher.svh'.
Back to file '/home/cad/tools/mentor/questa/2022.2_1/questasim/verilog_src/uvm-1.1d/src/base/uvm_base.svh'.
Parsing included file '/home/cad/tools/mentor/questa/2022.2_1/questasim/verilog_src/uvm-1.1d/src/base/uvm_report_server.svh'.
Back to file '/home/cad/tools/mentor/questa/2022.2_1/questasim/verilog_src/uvm-1.1d/src/base/uvm_base.svh'.
Parsing included file '/home/cad/tools/mentor/questa/2022.2_1/questasim/verilog_src/uvm-1.1d/src/base/uvm_report_handler.svh'.
Back to file '/home/cad/tools/mentor/questa/2022.2_1/questasim/verilog_src/uvm-1.1d/src/base/uvm_base.svh'.
Parsing included file '/home/cad/tools/mentor/questa/2022.2_1/questasim/verilog_src/uvm-1.1d/src/base/uvm_report_object.svh'.
Back to file '/home/cad/tools/mentor/questa/2022.2_1/questasim/verilog_src/uvm-1.1d/src/base/uvm_base.svh'.
Parsing included file '/home/cad/tools/mentor/questa/2022.2_1/questasim/verilog_src/uvm-1.1d/src/base/uvm_transaction.svh'.
Back to file '/home/cad/tools/mentor/questa/2022.2_1/questasim/verilog_src/uvm-1.1d/src/base/uvm_base.svh'.
Parsing included file '/home/cad/tools/mentor/questa/2022.2_1/questasim/verilog_src/uvm-1.1d/src/base/uvm_phase.svh'.
Back to file '/home/cad/tools/mentor/questa/2022.2_1/questasim/verilog_src/uvm-1.1d/src/base/uvm_base.svh'.
Parsing included file '/home/cad/tools/mentor/questa/2022.2_1/questasim/verilog_src/uvm-1.1d/src/base/uvm_domain.svh'.
Back to file '/home/cad/tools/mentor/questa/2022.2_1/questasim/verilog_src/uvm-1.1d/src/base/uvm_base.svh'.
Parsing included file '/home/cad/tools/mentor/questa/2022.2_1/questasim/verilog_src/uvm-1.1d/src/base/uvm_bottomup_phase.svh'.
Back to file '/home/cad/tools/mentor/questa/2022.2_1/questasim/verilog_src/uvm-1.1d/src/base/uvm_base.svh'.
Parsing included file '/home/cad/tools/mentor/questa/2022.2_1/questasim/verilog_src/uvm-1.1d/src/base/uvm_topdown_phase.svh'.
Back to file '/home/cad/tools/mentor/questa/2022.2_1/questasim/verilog_src/uvm-1.1d/src/base/uvm_base.svh'.
Parsing included file '/home/cad/tools/mentor/questa/2022.2_1/questasim/verilog_src/uvm-1.1d/src/base/uvm_task_phase.svh'.
Back to file '/home/cad/tools/mentor/questa/2022.2_1/questasim/verilog_src/uvm-1.1d/src/base/uvm_base.svh'.
Parsing included file '/home/cad/tools/mentor/questa/2022.2_1/questasim/verilog_src/uvm-1.1d/src/base/uvm_common_phases.svh'.
Back to file '/home/cad/tools/mentor/questa/2022.2_1/questasim/verilog_src/uvm-1.1d/src/base/uvm_base.svh'.
Parsing included file '/home/cad/tools/mentor/questa/2022.2_1/questasim/verilog_src/uvm-1.1d/src/base/uvm_runtime_phases.svh'.
Back to file '/home/cad/tools/mentor/questa/2022.2_1/questasim/verilog_src/uvm-1.1d/src/base/uvm_base.svh'.
Parsing included file '/home/cad/tools/mentor/questa/2022.2_1/questasim/verilog_src/uvm-1.1d/src/base/uvm_component.svh'.
Parsing included file '/home/cad/tools/mentor/questa/2022.2_1/questasim/verilog_src/uvm-1.1d/src/base/uvm_root.svh'.
Back to file '/home/cad/tools/mentor/questa/2022.2_1/questasim/verilog_src/uvm-1.1d/src/base/uvm_component.svh'.
Back to file '/home/cad/tools/mentor/questa/2022.2_1/questasim/verilog_src/uvm-1.1d/src/base/uvm_base.svh'.
Parsing included file '/home/cad/tools/mentor/questa/2022.2_1/questasim/verilog_src/uvm-1.1d/src/base/uvm_objection.svh'.
Back to file '/home/cad/tools/mentor/questa/2022.2_1/questasim/verilog_src/uvm-1.1d/src/base/uvm_base.svh'.
Parsing included file '/home/cad/tools/mentor/questa/2022.2_1/questasim/verilog_src/uvm-1.1d/src/base/uvm_heartbeat.svh'.
Back to file '/home/cad/tools/mentor/questa/2022.2_1/questasim/verilog_src/uvm-1.1d/src/base/uvm_base.svh'.
Parsing included file '/home/cad/tools/mentor/questa/2022.2_1/questasim/verilog_src/uvm-1.1d/src/base/uvm_globals.svh'.
Back to file '/home/cad/tools/mentor/questa/2022.2_1/questasim/verilog_src/uvm-1.1d/src/base/uvm_base.svh'.
Parsing included file '/home/cad/tools/mentor/questa/2022.2_1/questasim/verilog_src/uvm-1.1d/src/base/uvm_cmdline_processor.svh'.
Back to file '/home/cad/tools/mentor/questa/2022.2_1/questasim/verilog_src/uvm-1.1d/src/base/uvm_base.svh'.
Back to file '/home/cad/tools/mentor/questa/2022.2_1/questasim/verilog_src/uvm-1.1d/src/uvm_pkg.sv'.
Parsing included file '/home/cad/tools/mentor/questa/2022.2_1/questasim/verilog_src/uvm-1.1d/src/tlm1/uvm_tlm.svh'.
Parsing included file '/home/cad/tools/mentor/questa/2022.2_1/questasim/verilog_src/uvm-1.1d/src/tlm1/uvm_tlm_ifs.svh'.
Back to file '/home/cad/tools/mentor/questa/2022.2_1/questasim/verilog_src/uvm-1.1d/src/tlm1/uvm_tlm.svh'.
Parsing included file '/home/cad/tools/mentor/questa/2022.2_1/questasim/verilog_src/uvm-1.1d/src/tlm1/uvm_sqr_ifs.svh'.
Back to file '/home/cad/tools/mentor/questa/2022.2_1/questasim/verilog_src/uvm-1.1d/src/tlm1/uvm_tlm.svh'.
Parsing included file '/home/cad/tools/mentor/questa/2022.2_1/questasim/verilog_src/uvm-1.1d/src/base/uvm_port_base.svh'.
Back to file '/home/cad/tools/mentor/questa/2022.2_1/questasim/verilog_src/uvm-1.1d/src/tlm1/uvm_tlm.svh'.
Parsing included file '/home/cad/tools/mentor/questa/2022.2_1/questasim/verilog_src/uvm-1.1d/src/tlm1/uvm_tlm_imps.svh'.
Back to file '/home/cad/tools/mentor/questa/2022.2_1/questasim/verilog_src/uvm-1.1d/src/tlm1/uvm_tlm.svh'.
Parsing included file '/home/cad/tools/mentor/questa/2022.2_1/questasim/verilog_src/uvm-1.1d/src/tlm1/uvm_imps.svh'.
Back to file '/home/cad/tools/mentor/questa/2022.2_1/questasim/verilog_src/uvm-1.1d/src/tlm1/uvm_tlm.svh'.
Parsing included file '/home/cad/tools/mentor/questa/2022.2_1/questasim/verilog_src/uvm-1.1d/src/tlm1/uvm_ports.svh'.
Back to file '/home/cad/tools/mentor/questa/2022.2_1/questasim/verilog_src/uvm-1.1d/src/tlm1/uvm_tlm.svh'.
Parsing included file '/home/cad/tools/mentor/questa/2022.2_1/questasim/verilog_src/uvm-1.1d/src/tlm1/uvm_exports.svh'.
Back to file '/home/cad/tools/mentor/questa/2022.2_1/questasim/verilog_src/uvm-1.1d/src/tlm1/uvm_tlm.svh'.
Parsing included file '/home/cad/tools/mentor/questa/2022.2_1/questasim/verilog_src/uvm-1.1d/src/tlm1/uvm_analysis_port.svh'.
Back to file '/home/cad/tools/mentor/questa/2022.2_1/questasim/verilog_src/uvm-1.1d/src/tlm1/uvm_tlm.svh'.
Parsing included file '/home/cad/tools/mentor/questa/2022.2_1/questasim/verilog_src/uvm-1.1d/src/tlm1/uvm_tlm_fifo_base.svh'.
Back to file '/home/cad/tools/mentor/questa/2022.2_1/questasim/verilog_src/uvm-1.1d/src/tlm1/uvm_tlm.svh'.
Parsing included file '/home/cad/tools/mentor/questa/2022.2_1/questasim/verilog_src/uvm-1.1d/src/tlm1/uvm_tlm_fifos.svh'.
Back to file '/home/cad/tools/mentor/questa/2022.2_1/questasim/verilog_src/uvm-1.1d/src/tlm1/uvm_tlm.svh'.
Parsing included file '/home/cad/tools/mentor/questa/2022.2_1/questasim/verilog_src/uvm-1.1d/src/tlm1/uvm_tlm_req_rsp.svh'.
Back to file '/home/cad/tools/mentor/questa/2022.2_1/questasim/verilog_src/uvm-1.1d/src/tlm1/uvm_tlm.svh'.
Parsing included file '/home/cad/tools/mentor/questa/2022.2_1/questasim/verilog_src/uvm-1.1d/src/tlm1/uvm_sqr_connections.svh'.
Back to file '/home/cad/tools/mentor/questa/2022.2_1/questasim/verilog_src/uvm-1.1d/src/tlm1/uvm_tlm.svh'.
Back to file '/home/cad/tools/mentor/questa/2022.2_1/questasim/verilog_src/uvm-1.1d/src/uvm_pkg.sv'.
Parsing included file '/home/cad/tools/mentor/questa/2022.2_1/questasim/verilog_src/uvm-1.1d/src/comps/uvm_comps.svh'.
Parsing included file '/home/cad/tools/mentor/questa/2022.2_1/questasim/verilog_src/uvm-1.1d/src/comps/uvm_pair.svh'.
Back to file '/home/cad/tools/mentor/questa/2022.2_1/questasim/verilog_src/uvm-1.1d/src/comps/uvm_comps.svh'.
Parsing included file '/home/cad/tools/mentor/questa/2022.2_1/questasim/verilog_src/uvm-1.1d/src/comps/uvm_policies.svh'.
Back to file '/home/cad/tools/mentor/questa/2022.2_1/questasim/verilog_src/uvm-1.1d/src/comps/uvm_comps.svh'.
Parsing included file '/home/cad/tools/mentor/questa/2022.2_1/questasim/verilog_src/uvm-1.1d/src/comps/uvm_in_order_comparator.svh'.
Back to file '/home/cad/tools/mentor/questa/2022.2_1/questasim/verilog_src/uvm-1.1d/src/comps/uvm_comps.svh'.
Parsing included file '/home/cad/tools/mentor/questa/2022.2_1/questasim/verilog_src/uvm-1.1d/src/comps/uvm_algorithmic_comparator.svh'.
Back to file '/home/cad/tools/mentor/questa/2022.2_1/questasim/verilog_src/uvm-1.1d/src/comps/uvm_comps.svh'.
Parsing included file '/home/cad/tools/mentor/questa/2022.2_1/questasim/verilog_src/uvm-1.1d/src/comps/uvm_random_stimulus.svh'.
Back to file '/home/cad/tools/mentor/questa/2022.2_1/questasim/verilog_src/uvm-1.1d/src/comps/uvm_comps.svh'.
Parsing included file '/home/cad/tools/mentor/questa/2022.2_1/questasim/verilog_src/uvm-1.1d/src/comps/uvm_subscriber.svh'.
Back to file '/home/cad/tools/mentor/questa/2022.2_1/questasim/verilog_src/uvm-1.1d/src/comps/uvm_comps.svh'.
Parsing included file '/home/cad/tools/mentor/questa/2022.2_1/questasim/verilog_src/uvm-1.1d/src/comps/uvm_monitor.svh'.
Back to file '/home/cad/tools/mentor/questa/2022.2_1/questasim/verilog_src/uvm-1.1d/src/comps/uvm_comps.svh'.
Parsing included file '/home/cad/tools/mentor/questa/2022.2_1/questasim/verilog_src/uvm-1.1d/src/comps/uvm_driver.svh'.
Back to file '/home/cad/tools/mentor/questa/2022.2_1/questasim/verilog_src/uvm-1.1d/src/comps/uvm_comps.svh'.
Parsing included file '/home/cad/tools/mentor/questa/2022.2_1/questasim/verilog_src/uvm-1.1d/src/comps/uvm_push_driver.svh'.
Back to file '/home/cad/tools/mentor/questa/2022.2_1/questasim/verilog_src/uvm-1.1d/src/comps/uvm_comps.svh'.
Parsing included file '/home/cad/tools/mentor/questa/2022.2_1/questasim/verilog_src/uvm-1.1d/src/comps/uvm_scoreboard.svh'.
Back to file '/home/cad/tools/mentor/questa/2022.2_1/questasim/verilog_src/uvm-1.1d/src/comps/uvm_comps.svh'.
Parsing included file '/home/cad/tools/mentor/questa/2022.2_1/questasim/verilog_src/uvm-1.1d/src/comps/uvm_agent.svh'.
Back to file '/home/cad/tools/mentor/questa/2022.2_1/questasim/verilog_src/uvm-1.1d/src/comps/uvm_comps.svh'.
Parsing included file '/home/cad/tools/mentor/questa/2022.2_1/questasim/verilog_src/uvm-1.1d/src/comps/uvm_env.svh'.
Back to file '/home/cad/tools/mentor/questa/2022.2_1/questasim/verilog_src/uvm-1.1d/src/comps/uvm_comps.svh'.
Parsing included file '/home/cad/tools/mentor/questa/2022.2_1/questasim/verilog_src/uvm-1.1d/src/comps/uvm_test.svh'.
Back to file '/home/cad/tools/mentor/questa/2022.2_1/questasim/verilog_src/uvm-1.1d/src/comps/uvm_comps.svh'.
Back to file '/home/cad/tools/mentor/questa/2022.2_1/questasim/verilog_src/uvm-1.1d/src/uvm_pkg.sv'.
Parsing included file '/home/cad/tools/mentor/questa/2022.2_1/questasim/verilog_src/uvm-1.1d/src/seq/uvm_seq.svh'.
Parsing included file '/home/cad/tools/mentor/questa/2022.2_1/questasim/verilog_src/uvm-1.1d/src/seq/uvm_sequence_item.svh'.
Back to file '/home/cad/tools/mentor/questa/2022.2_1/questasim/verilog_src/uvm-1.1d/src/seq/uvm_seq.svh'.
Parsing included file '/home/cad/tools/mentor/questa/2022.2_1/questasim/verilog_src/uvm-1.1d/src/seq/uvm_sequencer_base.svh'.
Back to file '/home/cad/tools/mentor/questa/2022.2_1/questasim/verilog_src/uvm-1.1d/src/seq/uvm_seq.svh'.
Parsing included file '/home/cad/tools/mentor/questa/2022.2_1/questasim/verilog_src/uvm-1.1d/src/seq/uvm_sequencer_analysis_fifo.svh'.
Back to file '/home/cad/tools/mentor/questa/2022.2_1/questasim/verilog_src/uvm-1.1d/src/seq/uvm_seq.svh'.
Parsing included file '/home/cad/tools/mentor/questa/2022.2_1/questasim/verilog_src/uvm-1.1d/src/seq/uvm_sequencer_param_base.svh'.
Back to file '/home/cad/tools/mentor/questa/2022.2_1/questasim/verilog_src/uvm-1.1d/src/seq/uvm_seq.svh'.
Parsing included file '/home/cad/tools/mentor/questa/2022.2_1/questasim/verilog_src/uvm-1.1d/src/seq/uvm_sequencer.svh'.
Back to file '/home/cad/tools/mentor/questa/2022.2_1/questasim/verilog_src/uvm-1.1d/src/seq/uvm_seq.svh'.
Parsing included file '/home/cad/tools/mentor/questa/2022.2_1/questasim/verilog_src/uvm-1.1d/src/seq/uvm_push_sequencer.svh'.
Back to file '/home/cad/tools/mentor/questa/2022.2_1/questasim/verilog_src/uvm-1.1d/src/seq/uvm_seq.svh'.
Parsing included file '/home/cad/tools/mentor/questa/2022.2_1/questasim/verilog_src/uvm-1.1d/src/seq/uvm_sequence_base.svh'.
Back to file '/home/cad/tools/mentor/questa/2022.2_1/questasim/verilog_src/uvm-1.1d/src/seq/uvm_seq.svh'.
Parsing included file '/home/cad/tools/mentor/questa/2022.2_1/questasim/verilog_src/uvm-1.1d/src/seq/uvm_sequence.svh'.
Back to file '/home/cad/tools/mentor/questa/2022.2_1/questasim/verilog_src/uvm-1.1d/src/seq/uvm_seq.svh'.
Parsing included file '/home/cad/tools/mentor/questa/2022.2_1/questasim/verilog_src/uvm-1.1d/src/seq/uvm_sequence_library.svh'.
Back to file '/home/cad/tools/mentor/questa/2022.2_1/questasim/verilog_src/uvm-1.1d/src/seq/uvm_seq.svh'.
Parsing included file '/home/cad/tools/mentor/questa/2022.2_1/questasim/verilog_src/uvm-1.1d/src/seq/uvm_sequence_builtin.svh'.
Back to file '/home/cad/tools/mentor/questa/2022.2_1/questasim/verilog_src/uvm-1.1d/src/seq/uvm_seq.svh'.
Back to file '/home/cad/tools/mentor/questa/2022.2_1/questasim/verilog_src/uvm-1.1d/src/uvm_pkg.sv'.
Parsing included file '/home/cad/tools/mentor/questa/2022.2_1/questasim/verilog_src/uvm-1.1d/src/tlm2/uvm_tlm2.svh'.
Parsing included file '/home/cad/tools/mentor/questa/2022.2_1/questasim/verilog_src/uvm-1.1d/src/tlm2/uvm_tlm2_defines.svh'.
Back to file '/home/cad/tools/mentor/questa/2022.2_1/questasim/verilog_src/uvm-1.1d/src/tlm2/uvm_tlm2.svh'.
Parsing included file '/home/cad/tools/mentor/questa/2022.2_1/questasim/verilog_src/uvm-1.1d/src/tlm2/uvm_tlm2_time.svh'.
Back to file '/home/cad/tools/mentor/questa/2022.2_1/questasim/verilog_src/uvm-1.1d/src/tlm2/uvm_tlm2.svh'.
Parsing included file '/home/cad/tools/mentor/questa/2022.2_1/questasim/verilog_src/uvm-1.1d/src/tlm2/uvm_tlm2_generic_payload.svh'.
Back to file '/home/cad/tools/mentor/questa/2022.2_1/questasim/verilog_src/uvm-1.1d/src/tlm2/uvm_tlm2.svh'.
Parsing included file '/home/cad/tools/mentor/questa/2022.2_1/questasim/verilog_src/uvm-1.1d/src/tlm2/uvm_tlm2_ifs.svh'.
Back to file '/home/cad/tools/mentor/questa/2022.2_1/questasim/verilog_src/uvm-1.1d/src/tlm2/uvm_tlm2.svh'.
Parsing included file '/home/cad/tools/mentor/questa/2022.2_1/questasim/verilog_src/uvm-1.1d/src/tlm2/uvm_tlm2_imps.svh'.
Back to file '/home/cad/tools/mentor/questa/2022.2_1/questasim/verilog_src/uvm-1.1d/src/tlm2/uvm_tlm2.svh'.
Parsing included file '/home/cad/tools/mentor/questa/2022.2_1/questasim/verilog_src/uvm-1.1d/src/tlm2/uvm_tlm2_ports.svh'.
Back to file '/home/cad/tools/mentor/questa/2022.2_1/questasim/verilog_src/uvm-1.1d/src/tlm2/uvm_tlm2.svh'.
Parsing included file '/home/cad/tools/mentor/questa/2022.2_1/questasim/verilog_src/uvm-1.1d/src/tlm2/uvm_tlm2_exports.svh'.
Back to file '/home/cad/tools/mentor/questa/2022.2_1/questasim/verilog_src/uvm-1.1d/src/tlm2/uvm_tlm2.svh'.
Parsing included file '/home/cad/tools/mentor/questa/2022.2_1/questasim/verilog_src/uvm-1.1d/src/tlm2/uvm_tlm2_sockets_base.svh'.
Back to file '/home/cad/tools/mentor/questa/2022.2_1/questasim/verilog_src/uvm-1.1d/src/tlm2/uvm_tlm2.svh'.
Parsing included file '/home/cad/tools/mentor/questa/2022.2_1/questasim/verilog_src/uvm-1.1d/src/tlm2/uvm_tlm2_sockets.svh'.
Back to file '/home/cad/tools/mentor/questa/2022.2_1/questasim/verilog_src/uvm-1.1d/src/tlm2/uvm_tlm2.svh'.
Back to file '/home/cad/tools/mentor/questa/2022.2_1/questasim/verilog_src/uvm-1.1d/src/uvm_pkg.sv'.
Parsing included file '/home/cad/tools/mentor/questa/2022.2_1/questasim/verilog_src/uvm-1.1d/src/reg/uvm_reg_model.svh'.
Parsing included file '/home/cad/tools/mentor/questa/2022.2_1/questasim/verilog_src/uvm-1.1d/src/reg/uvm_reg_item.svh'.
Back to file '/home/cad/tools/mentor/questa/2022.2_1/questasim/verilog_src/uvm-1.1d/src/reg/uvm_reg_model.svh'.
Parsing included file '/home/cad/tools/mentor/questa/2022.2_1/questasim/verilog_src/uvm-1.1d/src/reg/uvm_reg_adapter.svh'.
Back to file '/home/cad/tools/mentor/questa/2022.2_1/questasim/verilog_src/uvm-1.1d/src/reg/uvm_reg_model.svh'.
Parsing included file '/home/cad/tools/mentor/questa/2022.2_1/questasim/verilog_src/uvm-1.1d/src/reg/uvm_reg_predictor.svh'.
Back to file '/home/cad/tools/mentor/questa/2022.2_1/questasim/verilog_src/uvm-1.1d/src/reg/uvm_reg_model.svh'.
Parsing included file '/home/cad/tools/mentor/questa/2022.2_1/questasim/verilog_src/uvm-1.1d/src/reg/uvm_reg_sequence.svh'.
Back to file '/home/cad/tools/mentor/questa/2022.2_1/questasim/verilog_src/uvm-1.1d/src/reg/uvm_reg_model.svh'.
Parsing included file '/home/cad/tools/mentor/questa/2022.2_1/questasim/verilog_src/uvm-1.1d/src/reg/uvm_reg_cbs.svh'.
Back to file '/home/cad/tools/mentor/questa/2022.2_1/questasim/verilog_src/uvm-1.1d/src/reg/uvm_reg_model.svh'.
Parsing included file '/home/cad/tools/mentor/questa/2022.2_1/questasim/verilog_src/uvm-1.1d/src/reg/uvm_reg_backdoor.svh'.
Back to file '/home/cad/tools/mentor/questa/2022.2_1/questasim/verilog_src/uvm-1.1d/src/reg/uvm_reg_model.svh'.
Parsing included file '/home/cad/tools/mentor/questa/2022.2_1/questasim/verilog_src/uvm-1.1d/src/reg/uvm_reg_field.svh'.
Back to file '/home/cad/tools/mentor/questa/2022.2_1/questasim/verilog_src/uvm-1.1d/src/reg/uvm_reg_model.svh'.
Parsing included file '/home/cad/tools/mentor/questa/2022.2_1/questasim/verilog_src/uvm-1.1d/src/reg/uvm_vreg_field.svh'.
Back to file '/home/cad/tools/mentor/questa/2022.2_1/questasim/verilog_src/uvm-1.1d/src/reg/uvm_reg_model.svh'.
Parsing included file '/home/cad/tools/mentor/questa/2022.2_1/questasim/verilog_src/uvm-1.1d/src/reg/uvm_reg.svh'.
Back to file '/home/cad/tools/mentor/questa/2022.2_1/questasim/verilog_src/uvm-1.1d/src/reg/uvm_reg_model.svh'.
Parsing included file '/home/cad/tools/mentor/questa/2022.2_1/questasim/verilog_src/uvm-1.1d/src/reg/uvm_reg_indirect.svh'.
Back to file '/home/cad/tools/mentor/questa/2022.2_1/questasim/verilog_src/uvm-1.1d/src/reg/uvm_reg_model.svh'.
Parsing included file '/home/cad/tools/mentor/questa/2022.2_1/questasim/verilog_src/uvm-1.1d/src/reg/uvm_reg_fifo.svh'.
Back to file '/home/cad/tools/mentor/questa/2022.2_1/questasim/verilog_src/uvm-1.1d/src/reg/uvm_reg_model.svh'.
Parsing included file '/home/cad/tools/mentor/questa/2022.2_1/questasim/verilog_src/uvm-1.1d/src/reg/uvm_reg_file.svh'.
Back to file '/home/cad/tools/mentor/questa/2022.2_1/questasim/verilog_src/uvm-1.1d/src/reg/uvm_reg_model.svh'.
Parsing included file '/home/cad/tools/mentor/questa/2022.2_1/questasim/verilog_src/uvm-1.1d/src/reg/uvm_mem_mam.svh'.
Back to file '/home/cad/tools/mentor/questa/2022.2_1/questasim/verilog_src/uvm-1.1d/src/reg/uvm_reg_model.svh'.
Parsing included file '/home/cad/tools/mentor/questa/2022.2_1/questasim/verilog_src/uvm-1.1d/src/reg/uvm_vreg.svh'.
Back to file '/home/cad/tools/mentor/questa/2022.2_1/questasim/verilog_src/uvm-1.1d/src/reg/uvm_reg_model.svh'.
Parsing included file '/home/cad/tools/mentor/questa/2022.2_1/questasim/verilog_src/uvm-1.1d/src/reg/uvm_mem.svh'.
Back to file '/home/cad/tools/mentor/questa/2022.2_1/questasim/verilog_src/uvm-1.1d/src/reg/uvm_reg_model.svh'.
Parsing included file '/home/cad/tools/mentor/questa/2022.2_1/questasim/verilog_src/uvm-1.1d/src/reg/uvm_reg_map.svh'.
Back to file '/home/cad/tools/mentor/questa/2022.2_1/questasim/verilog_src/uvm-1.1d/src/reg/uvm_reg_model.svh'.
Parsing included file '/home/cad/tools/mentor/questa/2022.2_1/questasim/verilog_src/uvm-1.1d/src/reg/uvm_reg_block.svh'.
Back to file '/home/cad/tools/mentor/questa/2022.2_1/questasim/verilog_src/uvm-1.1d/src/reg/uvm_reg_model.svh'.
Parsing included file '/home/cad/tools/mentor/questa/2022.2_1/questasim/verilog_src/uvm-1.1d/src/reg/sequences/uvm_reg_hw_reset_seq.svh'.
Back to file '/home/cad/tools/mentor/questa/2022.2_1/questasim/verilog_src/uvm-1.1d/src/reg/uvm_reg_model.svh'.
Parsing included file '/home/cad/tools/mentor/questa/2022.2_1/questasim/verilog_src/uvm-1.1d/src/reg/sequences/uvm_reg_bit_bash_seq.svh'.
Back to file '/home/cad/tools/mentor/questa/2022.2_1/questasim/verilog_src/uvm-1.1d/src/reg/uvm_reg_model.svh'.
Parsing included file '/home/cad/tools/mentor/questa/2022.2_1/questasim/verilog_src/uvm-1.1d/src/reg/sequences/uvm_mem_walk_seq.svh'.
Back to file '/home/cad/tools/mentor/questa/2022.2_1/questasim/verilog_src/uvm-1.1d/src/reg/uvm_reg_model.svh'.
Parsing included file '/home/cad/tools/mentor/questa/2022.2_1/questasim/verilog_src/uvm-1.1d/src/reg/sequences/uvm_mem_access_seq.svh'.
Back to file '/home/cad/tools/mentor/questa/2022.2_1/questasim/verilog_src/uvm-1.1d/src/reg/uvm_reg_model.svh'.
Parsing included file '/home/cad/tools/mentor/questa/2022.2_1/questasim/verilog_src/uvm-1.1d/src/reg/sequences/uvm_reg_access_seq.svh'.
Back to file '/home/cad/tools/mentor/questa/2022.2_1/questasim/verilog_src/uvm-1.1d/src/reg/uvm_reg_model.svh'.
Parsing included file '/home/cad/tools/mentor/questa/2022.2_1/questasim/verilog_src/uvm-1.1d/src/reg/sequences/uvm_reg_mem_shared_access_seq.svh'.
Back to file '/home/cad/tools/mentor/questa/2022.2_1/questasim/verilog_src/uvm-1.1d/src/reg/uvm_reg_model.svh'.
Parsing included file '/home/cad/tools/mentor/questa/2022.2_1/questasim/verilog_src/uvm-1.1d/src/reg/sequences/uvm_reg_mem_built_in_seq.svh'.
Back to file '/home/cad/tools/mentor/questa/2022.2_1/questasim/verilog_src/uvm-1.1d/src/reg/uvm_reg_model.svh'.
Parsing included file '/home/cad/tools/mentor/questa/2022.2_1/questasim/verilog_src/uvm-1.1d/src/reg/sequences/uvm_reg_mem_hdl_paths_seq.svh'.
Back to file '/home/cad/tools/mentor/questa/2022.2_1/questasim/verilog_src/uvm-1.1d/src/reg/uvm_reg_model.svh'.
Back to file '/home/cad/tools/mentor/questa/2022.2_1/questasim/verilog_src/uvm-1.1d/src/uvm_pkg.sv'.
Parsing design file '/home/cad/tools/mentor/questa_vip/2022.2/include/questa_mvc_svapi.svh'
Parsing design file '/home/cad/tools/mentor/questa_vip/2022.2/questa_mvc_src/sv/mvc_pkg.sv'
Parsing included file '/home/cad/tools/mentor/questa/2022.2_1/questasim/verilog_src/uvm-1.1d/src/uvm_macros.svh'.
Back to file '/home/cad/tools/mentor/questa_vip/2022.2/questa_mvc_src/sv/mvc_pkg.sv'.
Parsing included file '/home/cad/tools/mentor/questa_vip/2022.2/questa_mvc_src/sv/mvc_base/mvc_base.svh'.
Parsing included file '/home/cad/tools/mentor/questa_vip/2022.2/questa_mvc_src/sv/mvc_base/mvc_barrier.svh'.
Back to file '/home/cad/tools/mentor/questa_vip/2022.2/questa_mvc_src/sv/mvc_base/mvc_base.svh'.
Parsing included file '/home/cad/tools/mentor/questa_vip/2022.2/questa_mvc_src/sv/mvc_base/mvc_barrier_pool.svh'.
Back to file '/home/cad/tools/mentor/questa_vip/2022.2/questa_mvc_src/sv/mvc_base/mvc_base.svh'.
Parsing included file '/home/cad/tools/mentor/questa_vip/2022.2/questa_mvc_src/sv/mvc_base/mvc_auto_stop_sequence.svh'.
Back to file '/home/cad/tools/mentor/questa_vip/2022.2/questa_mvc_src/sv/mvc_base/mvc_base.svh'.
Parsing included file '/home/cad/tools/mentor/questa_vip/2022.2/questa_mvc_src/sv/mvc_base/mvc_listener.svh'.
Back to file '/home/cad/tools/mentor/questa_vip/2022.2/questa_mvc_src/sv/mvc_base/mvc_base.svh'.
Parsing included file '/home/cad/tools/mentor/questa_vip/2022.2/questa_mvc_src/sv/mvc_base/mvc_stream_id.svh'.
Back to file '/home/cad/tools/mentor/questa_vip/2022.2/questa_mvc_src/sv/mvc_base/mvc_base.svh'.
Parsing included file '/home/cad/tools/mentor/questa_vip/2022.2/questa_mvc_src/sv/mvc_base/mvc_type_config.svh'.
Back to file '/home/cad/tools/mentor/questa_vip/2022.2/questa_mvc_src/sv/mvc_base/mvc_base.svh'.
Parsing included file '/home/cad/tools/mentor/questa_vip/2022.2/questa_mvc_src/sv/mvc_base/mvc_auto_sequence.svh'.
Back to file '/home/cad/tools/mentor/questa_vip/2022.2/questa_mvc_src/sv/mvc_base/mvc_base.svh'.
Parsing included file '/home/cad/tools/mentor/questa_vip/2022.2/questa_mvc_src/sv/mvc_base/mvc_sequencer_port.svh'.
Back to file '/home/cad/tools/mentor/questa_vip/2022.2/questa_mvc_src/sv/mvc_base/mvc_base.svh'.
Parsing included file '/home/cad/tools/mentor/questa_vip/2022.2/questa_mvc_src/sv/mvc_base/mvc_agent_b.svh'.
Back to file '/home/cad/tools/mentor/questa_vip/2022.2/questa_mvc_src/sv/mvc_base/mvc_base.svh'.
Parsing included file '/home/cad/tools/mentor/questa_vip/2022.2/questa_mvc_src/sv/mvc_base/mvc_agent_base.svh'.
Back to file '/home/cad/tools/mentor/questa_vip/2022.2/questa_mvc_src/sv/mvc_base/mvc_base.svh'.
Parsing included file '/home/cad/tools/mentor/questa_vip/2022.2/questa_mvc_src/sv/mvc_base/mvc_virtual_sequence.svh'.
Back to file '/home/cad/tools/mentor/questa_vip/2022.2/questa_mvc_src/sv/mvc_base/mvc_base.svh'.
Parsing included file '/home/cad/tools/mentor/questa_vip/2022.2/questa_mvc_src/sv/mvc_base/mvc_2d_array.svh'.
Back to file '/home/cad/tools/mentor/questa_vip/2022.2/questa_mvc_src/sv/mvc_base/mvc_base.svh'.
Parsing included file '/home/cad/tools/mentor/questa_vip/2022.2/questa_mvc_src/sv/mvc_base/memory_base/qvip_timescale.svh'.
Back to file '/home/cad/tools/mentor/questa_vip/2022.2/questa_mvc_src/sv/mvc_base/mvc_base.svh'.
Parsing included file '/home/cad/tools/mentor/questa_vip/2022.2/questa_mvc_src/sv/mvc_base/mvc_reporter.svh'.
Back to file '/home/cad/tools/mentor/questa_vip/2022.2/questa_mvc_src/sv/mvc_base/mvc_base.svh'.
Parsing included file '/home/cad/tools/mentor/questa_vip/2022.2/questa_mvc_src/sv/mvc_base/mvc_config_base.svh'.
Back to file '/home/cad/tools/mentor/questa_vip/2022.2/questa_mvc_src/sv/mvc_base/mvc_base.svh'.
Parsing included file '/home/cad/tools/mentor/questa_vip/2022.2/questa_mvc_src/sv/mvc_base/mvc_config.svh'.
Back to file '/home/cad/tools/mentor/questa_vip/2022.2/questa_mvc_src/sv/mvc_base/mvc_base.svh'.
Parsing included file '/home/cad/tools/mentor/questa_vip/2022.2/questa_mvc_src/sv/mvc_base/mvc_env_config.svh'.
Back to file '/home/cad/tools/mentor/questa_vip/2022.2/questa_mvc_src/sv/mvc_base/mvc_base.svh'.
Parsing included file '/home/cad/tools/mentor/questa_vip/2022.2/questa_mvc_src/sv/mvc_base/mvc_timer.svh'.
Back to file '/home/cad/tools/mentor/questa_vip/2022.2/questa_mvc_src/sv/mvc_base/mvc_base.svh'.
Parsing included file '/home/cad/tools/mentor/questa_vip/2022.2/questa_mvc_src/sv/mvc_base/mvc_done_q.svh'.
Back to file '/home/cad/tools/mentor/questa_vip/2022.2/questa_mvc_src/sv/mvc_base/mvc_base.svh'.
Parsing included file '/home/cad/tools/mentor/questa_vip/2022.2/questa_mvc_src/sv/mvc_base/mvc_sequence_item_base.svh'.
Back to file '/home/cad/tools/mentor/questa_vip/2022.2/questa_mvc_src/sv/mvc_base/mvc_base.svh'.
Parsing included file '/home/cad/tools/mentor/questa_vip/2022.2/questa_mvc_src/sv/mvc_base/mvc_sequence_item.svh'.
Back to file '/home/cad/tools/mentor/questa_vip/2022.2/questa_mvc_src/sv/mvc_base/mvc_base.svh'.
Parsing included file '/home/cad/tools/mentor/questa_vip/2022.2/questa_mvc_src/sv/mvc_base/mvc_transaction_linking.svh'.
Back to file '/home/cad/tools/mentor/questa_vip/2022.2/questa_mvc_src/sv/mvc_base/mvc_base.svh'.
Parsing included file '/home/cad/tools/mentor/questa_vip/2022.2/questa_mvc_src/sv/mvc_base/mvc_transaction_display_component.svh'.
Back to file '/home/cad/tools/mentor/questa_vip/2022.2/questa_mvc_src/sv/mvc_base/mvc_base.svh'.
Parsing included file '/home/cad/tools/mentor/questa_vip/2022.2/questa_mvc_src/sv/mvc_base/mvc_item_listener.svh'.
Back to file '/home/cad/tools/mentor/questa_vip/2022.2/questa_mvc_src/sv/mvc_base/mvc_base.svh'.
Parsing included file '/home/cad/tools/mentor/questa_vip/2022.2/questa_mvc_src/sv/mvc_base/mvc_analysis_fifo.svh'.
Back to file '/home/cad/tools/mentor/questa_vip/2022.2/questa_mvc_src/sv/mvc_base/mvc_base.svh'.
Parsing included file '/home/cad/tools/mentor/questa_vip/2022.2/questa_mvc_src/sv/mvc_base/mvc_facing_end.svh'.
Back to file '/home/cad/tools/mentor/questa_vip/2022.2/questa_mvc_src/sv/mvc_base/mvc_base.svh'.
Parsing included file '/home/cad/tools/mentor/questa_vip/2022.2/questa_mvc_src/sv/mvc_base/mvc_sequence.svh'.
Back to file '/home/cad/tools/mentor/questa_vip/2022.2/questa_mvc_src/sv/mvc_base/mvc_base.svh'.
Parsing included file '/home/cad/tools/mentor/questa_vip/2022.2/questa_mvc_src/sv/mvc_base/mvc_test_functions.svh'.
Back to file '/home/cad/tools/mentor/questa_vip/2022.2/questa_mvc_src/sv/mvc_base/mvc_base.svh'.
Parsing included file '/home/cad/tools/mentor/questa_vip/2022.2/questa_mvc_src/sv/mvc_base/mvc_test_report.svh'.
Back to file '/home/cad/tools/mentor/questa_vip/2022.2/questa_mvc_src/sv/mvc_base/mvc_base.svh'.
Parsing included file '/home/cad/tools/mentor/questa_vip/2022.2/questa_mvc_src/sv/mvc_base/mvc_test_sequence.svh'.
Back to file '/home/cad/tools/mentor/questa_vip/2022.2/questa_mvc_src/sv/mvc_base/mvc_base.svh'.
Parsing included file '/home/cad/tools/mentor/questa_vip/2022.2/questa_mvc_src/sv/mvc_base/mvc_test_suite_sequence.svh'.
Back to file '/home/cad/tools/mentor/questa_vip/2022.2/questa_mvc_src/sv/mvc_base/mvc_base.svh'.
Parsing included file '/home/cad/tools/mentor/questa_vip/2022.2/questa_mvc_src/sv/mvc_base/mvc_sequencer.svh'.
Back to file '/home/cad/tools/mentor/questa_vip/2022.2/questa_mvc_src/sv/mvc_base/mvc_base.svh'.
Parsing included file '/home/cad/tools/mentor/questa_vip/2022.2/questa_mvc_src/sv/mvc_base/mvc_monitor.svh'.
Back to file '/home/cad/tools/mentor/questa_vip/2022.2/questa_mvc_src/sv/mvc_base/mvc_base.svh'.
Parsing included file '/home/cad/tools/mentor/questa_vip/2022.2/questa_mvc_src/sv/mvc_base/mvc_driver.svh'.
Back to file '/home/cad/tools/mentor/questa_vip/2022.2/questa_mvc_src/sv/mvc_base/mvc_base.svh'.
Parsing included file '/home/cad/tools/mentor/questa_vip/2022.2/questa_mvc_src/sv/mvc_base/mvc_port.svh'.
Back to file '/home/cad/tools/mentor/questa_vip/2022.2/questa_mvc_src/sv/mvc_base/mvc_base.svh'.
Parsing included file '/home/cad/tools/mentor/questa_vip/2022.2/questa_mvc_src/sv/mvc_base/mvc_agent.svh'.
Back to file '/home/cad/tools/mentor/questa_vip/2022.2/questa_mvc_src/sv/mvc_base/mvc_base.svh'.
Parsing included file '/home/cad/tools/mentor/questa_vip/2022.2/questa_mvc_src/sv/mvc_base/mvc_env.svh'.
Back to file '/home/cad/tools/mentor/questa_vip/2022.2/questa_mvc_src/sv/mvc_base/mvc_base.svh'.
Parsing included file '/home/cad/tools/mentor/questa_vip/2022.2/questa_mvc_src/sv/mvc_base/mvc_multislave_proxy.svh'.
Back to file '/home/cad/tools/mentor/questa_vip/2022.2/questa_mvc_src/sv/mvc_base/mvc_base.svh'.
Parsing included file '/home/cad/tools/mentor/questa_vip/2022.2/questa_mvc_src/sv/mvc_base/mvc_cb_policy.svh'.
Back to file '/home/cad/tools/mentor/questa_vip/2022.2/questa_mvc_src/sv/mvc_base/mvc_base.svh'.
Parsing included file '/home/cad/tools/mentor/questa_vip/2022.2/questa_mvc_src/sv/mvc_base/mvc_cb_manager.svh'.
Back to file '/home/cad/tools/mentor/questa_vip/2022.2/questa_mvc_src/sv/mvc_base/mvc_base.svh'.
Back to file '/home/cad/tools/mentor/questa_vip/2022.2/questa_mvc_src/sv/mvc_pkg.sv'.
Parsing included file '/home/cad/tools/mentor/questa_vip/2022.2/questa_mvc_src/sv/mvc_base/cache_base/addr_map_pkg.svh'.
Parsing included file '/home/cad/tools/mentor/questa/2022.2_1/questasim/verilog_src/uvm-1.1d/src/uvm_macros.svh'.
Back to file '/home/cad/tools/mentor/questa_vip/2022.2/questa_mvc_src/sv/mvc_base/cache_base/addr_map_pkg.svh'.
Back to file '/home/cad/tools/mentor/questa_vip/2022.2/questa_mvc_src/sv/mvc_pkg.sv'.
Parsing included file '/home/cad/tools/mentor/questa_vip/2022.2/questa_mvc_src/sv/mvc_base/cache_base/rw_txn_pkg.svh'.
Parsing included file '/home/cad/tools/mentor/questa/2022.2_1/questasim/verilog_src/uvm-1.1d/src/uvm_macros.svh'.
Back to file '/home/cad/tools/mentor/questa_vip/2022.2/questa_mvc_src/sv/mvc_base/cache_base/rw_txn_pkg.svh'.
Back to file '/home/cad/tools/mentor/questa_vip/2022.2/questa_mvc_src/sv/mvc_pkg.sv'.
Parsing included file '/home/cad/tools/mentor/questa_vip/2022.2/questa_mvc_src/sv/mvc_base/cache_base/cache_utils_pkg.svh'.
Parsing included file '/home/cad/tools/mentor/questa/2022.2_1/questasim/verilog_src/uvm-1.1d/src/uvm_macros.svh'.
Back to file '/home/cad/tools/mentor/questa_vip/2022.2/questa_mvc_src/sv/mvc_base/cache_base/cache_utils_pkg.svh'.
Back to file '/home/cad/tools/mentor/questa_vip/2022.2/questa_mvc_src/sv/mvc_pkg.sv'.
Parsing included file '/home/cad/tools/mentor/questa_vip/2022.2/questa_mvc_src/sv/mvc_base/cache_base/cache_model_pkg.svh'.
Parsing included file '/home/cad/tools/mentor/questa/2022.2_1/questasim/verilog_src/uvm-1.1d/src/uvm_macros.svh'.
Back to file '/home/cad/tools/mentor/questa_vip/2022.2/questa_mvc_src/sv/mvc_base/cache_base/cache_model_pkg.svh'.
Back to file '/home/cad/tools/mentor/questa_vip/2022.2/questa_mvc_src/sv/mvc_pkg.sv'.
Parsing included file '/home/cad/tools/mentor/questa_vip/2022.2/questa_mvc_src/sv/mvc_base/cache_base/slave_mem_models_pkg.svh'.
Parsing included file '/home/cad/tools/mentor/questa/2022.2_1/questasim/verilog_src/uvm-1.1d/src/uvm_macros.svh'.
Back to file '/home/cad/tools/mentor/questa_vip/2022.2/questa_mvc_src/sv/mvc_base/cache_base/slave_mem_models_pkg.svh'.
Back to file '/home/cad/tools/mentor/questa_vip/2022.2/questa_mvc_src/sv/mvc_pkg.sv'.
Parsing included file '/home/cad/tools/mentor/questa_vip/2022.2/questa_mvc_src/sv/mvc_base/cache_base/rw_api_seq_pkg.svh'.
Parsing included file '/home/cad/tools/mentor/questa/2022.2_1/questasim/verilog_src/uvm-1.1d/src/uvm_macros.svh'.
Back to file '/home/cad/tools/mentor/questa_vip/2022.2/questa_mvc_src/sv/mvc_base/cache_base/rw_api_seq_pkg.svh'.
Back to file '/home/cad/tools/mentor/questa_vip/2022.2/questa_mvc_src/sv/mvc_pkg.sv'.
Parsing included file '/home/cad/tools/mentor/questa_vip/2022.2/questa_mvc_src/sv/mvc_base/cache_base/txn_logger_pkg.svh'.
Parsing included file '/home/cad/tools/mentor/questa/2022.2_1/questasim/verilog_src/uvm-1.1d/src/uvm_macros.svh'.
Back to file '/home/cad/tools/mentor/questa_vip/2022.2/questa_mvc_src/sv/mvc_base/cache_base/txn_logger_pkg.svh'.
Back to file '/home/cad/tools/mentor/questa_vip/2022.2/questa_mvc_src/sv/mvc_pkg.sv'.
Parsing included file '/home/cad/tools/mentor/questa_vip/2022.2/questa_mvc_src/sv/mvc_base/cache_base/rw_delay_db_pkg.svh'.
Back to file '/home/cad/tools/mentor/questa_vip/2022.2/questa_mvc_src/sv/mvc_pkg.sv'.
Parsing included file '/home/cad/tools/mentor/questa_vip/2022.2/questa_mvc_src/sv/mvc_base/image_base/bmp_image_seq.svh'.
Parsing included file '/home/cad/tools/mentor/questa/2022.2_1/questasim/verilog_src/uvm-1.1d/src/uvm_macros.svh'.
Back to file '/home/cad/tools/mentor/questa_vip/2022.2/questa_mvc_src/sv/mvc_base/image_base/bmp_image_seq.svh'.
Back to file '/home/cad/tools/mentor/questa_vip/2022.2/questa_mvc_src/sv/mvc_pkg.sv'.
Parsing included file '/home/cad/tools/mentor/questa_vip/2022.2/questa_mvc_src/sv/mvc_base/image_base/dsc_image_seq.svh'.
Parsing included file '/home/cad/tools/mentor/questa/2022.2_1/questasim/verilog_src/uvm-1.1d/src/uvm_macros.svh'.
Back to file '/home/cad/tools/mentor/questa_vip/2022.2/questa_mvc_src/sv/mvc_base/image_base/dsc_image_seq.svh'.
Back to file '/home/cad/tools/mentor/questa_vip/2022.2/questa_mvc_src/sv/mvc_pkg.sv'.
Parsing included file '/home/cad/tools/mentor/questa_vip/2022.2/questa_mvc_src/sv/mvc_base/image_base/pxl_format_conv_lib.sv'.
Parsing included file '/home/cad/tools/mentor/questa/2022.2_1/questasim/verilog_src/uvm-1.1d/src/uvm_macros.svh'.
Back to file '/home/cad/tools/mentor/questa_vip/2022.2/questa_mvc_src/sv/mvc_base/image_base/pxl_format_conv_lib.sv'.
Back to file '/home/cad/tools/mentor/questa_vip/2022.2/questa_mvc_src/sv/mvc_pkg.sv'.
Parsing included file '/home/cad/tools/mentor/questa_vip/2022.2/questa_mvc_src/sv/mvc_base/mipi_base/mipi_mvc_base_seq.svh'.
Parsing included file '/home/cad/tools/mentor/questa/2022.2_1/questasim/verilog_src/uvm-1.1d/src/uvm_macros.svh'.
Back to file '/home/cad/tools/mentor/questa_vip/2022.2/questa_mvc_src/sv/mvc_base/mipi_base/mipi_mvc_base_seq.svh'.
Back to file '/home/cad/tools/mentor/questa_vip/2022.2/questa_mvc_src/sv/mvc_pkg.sv'.
Parsing included file '/home/cad/tools/mentor/questa_vip/2022.2/questa_mvc_src/sv/mvc_base/memory_base/mem_cb_pkg.sv'.
Parsing included file '/home/cad/tools/mentor/questa/2022.2_1/questasim/verilog_src/uvm-1.1d/src/uvm_macros.svh'.
Back to file '/home/cad/tools/mentor/questa_vip/2022.2/questa_mvc_src/sv/mvc_base/memory_base/mem_cb_pkg.sv'.
Back to file '/home/cad/tools/mentor/questa_vip/2022.2/questa_mvc_src/sv/mvc_pkg.sv'.
Parsing included file '/home/cad/tools/mentor/questa_vip/2022.2/questa_mvc_src/sv/mvc_base/memory_base/mem_perf_stats_pkg.sv'.
Back to file '/home/cad/tools/mentor/questa_vip/2022.2/questa_mvc_src/sv/mvc_pkg.sv'.
Parsing included file '/home/cad/tools/mentor/questa_vip/2022.2/questa_mvc_src/sv/mvc_base/usbtnl_sequence_item_pkg.sv'.
Parsing included file '/home/cad/tools/mentor/questa/2022.2_1/questasim/verilog_src/uvm-1.1d/src/uvm_macros.svh'.
Back to file '/home/cad/tools/mentor/questa_vip/2022.2/questa_mvc_src/sv/mvc_base/usbtnl_sequence_item_pkg.sv'.
Back to file '/home/cad/tools/mentor/questa_vip/2022.2/questa_mvc_src/sv/mvc_pkg.sv'.
Parsing design file '/home/cad/tools/mentor/questa_vip/2022.2/questa_mvc_src/sv/apb3/mgc_apb3_v1_0_pkg.sv'
Parsing included file '/home/cad/tools/mentor/questa/2022.2_1/questasim/verilog_src/uvm-1.1d/src/uvm_macros.svh'.
Back to file '/home/cad/tools/mentor/questa_vip/2022.2/questa_mvc_src/sv/apb3/mgc_apb3_v1_0_pkg.sv'.
Parsing included file '/home/cad/tools/mentor/questa_vip/2022.2/questa_mvc_src/sv/apb3/shared/apb3_types.svh'.
Back to file '/home/cad/tools/mentor/questa_vip/2022.2/questa_mvc_src/sv/apb3/mgc_apb3_v1_0_pkg.sv'.
Parsing included file '/home/cad/tools/mentor/questa_vip/2022.2/questa_mvc_src/sv/apb3/shared/apb3_vip_config.svh'.
Back to file '/home/cad/tools/mentor/questa_vip/2022.2/questa_mvc_src/sv/apb3/mgc_apb3_v1_0_pkg.sv'.
Parsing included file '/home/cad/tools/mentor/questa_vip/2022.2/questa_mvc_src/sv/apb3/shared/apb3_sequence_items_VPI.svh'.
Back to file '/home/cad/tools/mentor/questa_vip/2022.2/questa_mvc_src/sv/apb3/mgc_apb3_v1_0_pkg.sv'.
Parsing included file '/home/cad/tools/mentor/questa_vip/2022.2/questa_mvc_src/sv/apb3/shared/apb3_host_sequence_items_VPI.svh'.
Back to file '/home/cad/tools/mentor/questa_vip/2022.2/questa_mvc_src/sv/apb3/mgc_apb3_v1_0_pkg.sv'.
Parsing included file '/home/cad/tools/mentor/questa_vip/2022.2/questa_mvc_src/sv/apb3/shared/apb3_slave_sequence_items_VPI.svh'.
Back to file '/home/cad/tools/mentor/questa_vip/2022.2/questa_mvc_src/sv/apb3/mgc_apb3_v1_0_pkg.sv'.
Parsing included file '/home/cad/tools/mentor/questa_vip/2022.2/questa_mvc_src/sv/apb3/shared/apb3_id_specific_rw_txn.svh'.
Back to file '/home/cad/tools/mentor/questa_vip/2022.2/questa_mvc_src/sv/apb3/mgc_apb3_v1_0_pkg.sv'.
Parsing included file '/home/cad/tools/mentor/questa_vip/2022.2/questa_mvc_src/sv/apb3/analysis/apb_txn_logger.svh'.
Back to file '/home/cad/tools/mentor/questa_vip/2022.2/questa_mvc_src/sv/apb3/mgc_apb3_v1_0_pkg.sv'.
Parsing included file '/home/cad/tools/mentor/questa_vip/2022.2/questa_mvc_src/sv/apb3/analysis/apb3_covergroups.svh'.
Back to file '/home/cad/tools/mentor/questa_vip/2022.2/questa_mvc_src/sv/apb3/mgc_apb3_v1_0_pkg.sv'.
Parsing included file '/home/cad/tools/mentor/questa_vip/2022.2/questa_mvc_src/sv/apb3/analysis/apb4_covergroups.svh'.
Back to file '/home/cad/tools/mentor/questa_vip/2022.2/questa_mvc_src/sv/apb3/mgc_apb3_v1_0_pkg.sv'.
Parsing included file '/home/cad/tools/mentor/questa_vip/2022.2/questa_mvc_src/sv/apb3/analysis/apb3_scoreboard.svh'.
Back to file '/home/cad/tools/mentor/questa_vip/2022.2/questa_mvc_src/sv/apb3/mgc_apb3_v1_0_pkg.sv'.
Parsing included file '/home/cad/tools/mentor/questa_vip/2022.2/questa_mvc_src/sv/apb3/analysis/apb_rw_adapter.svh'.
Back to file '/home/cad/tools/mentor/questa_vip/2022.2/questa_mvc_src/sv/apb3/mgc_apb3_v1_0_pkg.sv'.
Parsing included file '/home/cad/tools/mentor/questa_vip/2022.2/questa_mvc_src/sv/apb3/sequence_lib/base/apb3_rw_api_base_seq.svh'.
Back to file '/home/cad/tools/mentor/questa_vip/2022.2/questa_mvc_src/sv/apb3/mgc_apb3_v1_0_pkg.sv'.
Parsing included file '/home/cad/tools/mentor/questa_vip/2022.2/questa_mvc_src/sv/apb3/sequence_lib/base/apb3_master_deparam_seq.svh'.
Back to file '/home/cad/tools/mentor/questa_vip/2022.2/questa_mvc_src/sv/apb3/mgc_apb3_v1_0_pkg.sv'.
Parsing included file '/home/cad/tools/mentor/questa_vip/2022.2/questa_mvc_src/sv/apb3/sequence_lib/base/deprecated/apb3_test_sequence.svh'.
Back to file '/home/cad/tools/mentor/questa_vip/2022.2/questa_mvc_src/sv/apb3/mgc_apb3_v1_0_pkg.sv'.
Parsing included file '/home/cad/tools/mentor/questa_vip/2022.2/questa_mvc_src/sv/apb3/sequence_lib/base/apb3_master_seq.svh'.
Back to file '/home/cad/tools/mentor/questa_vip/2022.2/questa_mvc_src/sv/apb3/mgc_apb3_v1_0_pkg.sv'.
Parsing included file '/home/cad/tools/mentor/questa_vip/2022.2/questa_mvc_src/sv/apb3/sequence_lib/persistent/apb3_slave_sequences.svh'.
Back to file '/home/cad/tools/mentor/questa_vip/2022.2/questa_mvc_src/sv/apb3/mgc_apb3_v1_0_pkg.sv'.
Parsing included file '/home/cad/tools/mentor/questa_vip/2022.2/questa_mvc_src/sv/apb3/reg_model/apb_reg_predictor.svh'.
Back to file '/home/cad/tools/mentor/questa_vip/2022.2/questa_mvc_src/sv/apb3/mgc_apb3_v1_0_pkg.sv'.
Parsing included file '/home/cad/tools/mentor/questa_vip/2022.2/questa_mvc_src/sv/apb3/reg_model/reg2apb_adapter.svh'.
Back to file '/home/cad/tools/mentor/questa_vip/2022.2/questa_mvc_src/sv/apb3/mgc_apb3_v1_0_pkg.sv'.
Parsing included file '/home/cad/tools/mentor/questa_vip/2022.2/questa_mvc_src/sv/apb3/shared/apb3_standard_configs.svh'.
Back to file '/home/cad/tools/mentor/questa_vip/2022.2/questa_mvc_src/sv/apb3/mgc_apb3_v1_0_pkg.sv'.
Parsing included file '/home/cad/tools/mentor/questa_vip/2022.2/questa_mvc_src/sv/apb3/shared/apb_agent.svh'.
Back to file '/home/cad/tools/mentor/questa_vip/2022.2/questa_mvc_src/sv/apb3/mgc_apb3_v1_0_pkg.sv'.
Parsing included file '/home/cad/tools/mentor/questa_vip/2022.2/questa_mvc_src/sv/apb3/sequence_lib/mgc_apb_seq_pkg.sv'.
Parsing included file '/home/cad/tools/mentor/questa/2022.2_1/questasim/verilog_src/uvm-1.1d/src/uvm_macros.svh'.
Back to file '/home/cad/tools/mentor/questa_vip/2022.2/questa_mvc_src/sv/apb3/sequence_lib/mgc_apb_seq_pkg.sv'.
Parsing included file '/home/cad/tools/mentor/questa_vip/2022.2/questa_mvc_src/sv/apb3/sequence_lib/stimuli/wr.svh'.
Back to file '/home/cad/tools/mentor/questa_vip/2022.2/questa_mvc_src/sv/apb3/sequence_lib/mgc_apb_seq_pkg.sv'.
Parsing included file '/home/cad/tools/mentor/questa_vip/2022.2/questa_mvc_src/sv/apb3/sequence_lib/stimuli/rd.svh'.
Back to file '/home/cad/tools/mentor/questa_vip/2022.2/questa_mvc_src/sv/apb3/sequence_lib/mgc_apb_seq_pkg.sv'.
Parsing included file '/home/cad/tools/mentor/questa_vip/2022.2/questa_mvc_src/sv/apb3/sequence_lib/stimuli/wr_rd.svh'.
Back to file '/home/cad/tools/mentor/questa_vip/2022.2/questa_mvc_src/sv/apb3/sequence_lib/mgc_apb_seq_pkg.sv'.
Parsing included file '/home/cad/tools/mentor/questa_vip/2022.2/questa_mvc_src/sv/apb3/sequence_lib/stimuli/wr_strb.svh'.
Back to file '/home/cad/tools/mentor/questa_vip/2022.2/questa_mvc_src/sv/apb3/sequence_lib/mgc_apb_seq_pkg.sv'.
Parsing included file '/home/cad/tools/mentor/questa_vip/2022.2/questa_mvc_src/sv/apb3/sequence_lib/stimuli/rd_modify_wr.svh'.
Back to file '/home/cad/tools/mentor/questa_vip/2022.2/questa_mvc_src/sv/apb3/sequence_lib/mgc_apb_seq_pkg.sv'.
Parsing included file '/home/cad/tools/mentor/questa_vip/2022.2/questa_mvc_src/sv/apb3/sequence_lib/stimuli/generic.svh'.
Back to file '/home/cad/tools/mentor/questa_vip/2022.2/questa_mvc_src/sv/apb3/sequence_lib/mgc_apb_seq_pkg.sv'.
Parsing included file '/home/cad/tools/mentor/questa_vip/2022.2/questa_mvc_src/sv/apb3/sequence_lib/stimuli/error_scenarios/psel0_access.svh'.
Back to file '/home/cad/tools/mentor/questa_vip/2022.2/questa_mvc_src/sv/apb3/sequence_lib/mgc_apb_seq_pkg.sv'.
Parsing included file '/home/cad/tools/mentor/questa_vip/2022.2/questa_mvc_src/sv/apb3/sequence_lib/stimuli/error_scenarios/psel0_setup.svh'.
Back to file '/home/cad/tools/mentor/questa_vip/2022.2/questa_mvc_src/sv/apb3/sequence_lib/mgc_apb_seq_pkg.sv'.
Parsing included file '/home/cad/tools/mentor/questa_vip/2022.2/questa_mvc_src/sv/apb3/sequence_lib/stimuli/error_scenarios/psel0_txn.svh'.
Back to file '/home/cad/tools/mentor/questa_vip/2022.2/questa_mvc_src/sv/apb3/sequence_lib/mgc_apb_seq_pkg.sv'.
Parsing included file '/home/cad/tools/mentor/questa_vip/2022.2/questa_mvc_src/sv/apb3/sequence_lib/stimuli/error_scenarios/penable_zero.svh'.
Back to file '/home/cad/tools/mentor/questa_vip/2022.2/questa_mvc_src/sv/apb3/sequence_lib/mgc_apb_seq_pkg.sv'.
Parsing included file '/home/cad/tools/mentor/questa_vip/2022.2/questa_mvc_src/sv/apb3/sequence_lib/stimuli/error_scenarios/penable_setup.svh'.
Back to file '/home/cad/tools/mentor/questa_vip/2022.2/questa_mvc_src/sv/apb3/sequence_lib/mgc_apb_seq_pkg.sv'.
Parsing included file '/home/cad/tools/mentor/questa_vip/2022.2/questa_mvc_src/sv/apb3/sequence_lib/stimuli/error_scenarios/penable_without_psel.svh'.
Back to file '/home/cad/tools/mentor/questa_vip/2022.2/questa_mvc_src/sv/apb3/sequence_lib/mgc_apb_seq_pkg.sv'.
Parsing included file '/home/cad/tools/mentor/questa_vip/2022.2/questa_mvc_src/sv/apb3/sequence_lib/stimuli/error_scenarios/out_of_addr_range.svh'.
Back to file '/home/cad/tools/mentor/questa_vip/2022.2/questa_mvc_src/sv/apb3/sequence_lib/mgc_apb_seq_pkg.sv'.
Back to file '/home/cad/tools/mentor/questa_vip/2022.2/questa_mvc_src/sv/apb3/mgc_apb3_v1_0_pkg.sv'.
Parsing included file '/home/cad/tools/mentor/questa_vip/2022.2/questa_mvc_src/sv/apb3/shared/apb3_interfaces_VCS.svh'.
Back to file '/home/cad/tools/mentor/questa_vip/2022.2/questa_mvc_src/sv/apb3/mgc_apb3_v1_0_pkg.sv'.
Parsing design file '/home/cad/tools/mentor/questa_vip/2022.2/questa_mvc_src/sv/ahb/mgc_ahb_v2_0_pkg.sv'
Parsing included file '/home/cad/tools/mentor/questa/2022.2_1/questasim/verilog_src/uvm-1.1d/src/uvm_macros.svh'.
Back to file '/home/cad/tools/mentor/questa_vip/2022.2/questa_mvc_src/sv/ahb/mgc_ahb_v2_0_pkg.sv'.
Parsing included file '/home/cad/tools/mentor/questa_vip/2022.2/questa_mvc_src/sv/ahb/shared/ahb_types.svh'.
Back to file '/home/cad/tools/mentor/questa_vip/2022.2/questa_mvc_src/sv/ahb/mgc_ahb_v2_0_pkg.sv'.
Parsing included file '/home/cad/tools/mentor/questa_vip/2022.2/questa_mvc_src/sv/ahb/shared/ahb_additional_types.svh'.
Back to file '/home/cad/tools/mentor/questa_vip/2022.2/questa_mvc_src/sv/ahb/mgc_ahb_v2_0_pkg.sv'.
Parsing included file '/home/cad/tools/mentor/questa_vip/2022.2/questa_mvc_src/sv/ahb/shared/ahb_vip_config.svh'.
Back to file '/home/cad/tools/mentor/questa_vip/2022.2/questa_mvc_src/sv/ahb/mgc_ahb_v2_0_pkg.sv'.
Parsing included file '/home/cad/tools/mentor/questa_vip/2022.2/questa_mvc_src/sv/ahb/shared/ahb_sequence_items_VPI.svh'.
Back to file '/home/cad/tools/mentor/questa_vip/2022.2/questa_mvc_src/sv/ahb/mgc_ahb_v2_0_pkg.sv'.
Parsing included file '/home/cad/tools/mentor/questa_vip/2022.2/questa_mvc_src/sv/ahb/shared/ahb_master_sequence_items_VPI.svh'.
Back to file '/home/cad/tools/mentor/questa_vip/2022.2/questa_mvc_src/sv/ahb/mgc_ahb_v2_0_pkg.sv'.
Parsing included file '/home/cad/tools/mentor/questa_vip/2022.2/questa_mvc_src/sv/ahb/shared/ahb_slave_sequence_items_VPI.svh'.
Back to file '/home/cad/tools/mentor/questa_vip/2022.2/questa_mvc_src/sv/ahb/mgc_ahb_v2_0_pkg.sv'.
Parsing included file '/home/cad/tools/mentor/questa_vip/2022.2/questa_mvc_src/sv/ahb/shared/ahb_arbiter_sequence_items_VPI.svh'.
Back to file '/home/cad/tools/mentor/questa_vip/2022.2/questa_mvc_src/sv/ahb/mgc_ahb_v2_0_pkg.sv'.
Parsing included file '/home/cad/tools/mentor/questa_vip/2022.2/questa_mvc_src/sv/ahb/shared/ahb_master_sequence_items_constraint.svh'.
Back to file '/home/cad/tools/mentor/questa_vip/2022.2/questa_mvc_src/sv/ahb/mgc_ahb_v2_0_pkg.sv'.
Parsing included file '/home/cad/tools/mentor/questa_vip/2022.2/questa_mvc_src/sv/ahb/sequence_lib/base/ahb_rw_api_base_seq.svh'.
Back to file '/home/cad/tools/mentor/questa_vip/2022.2/questa_mvc_src/sv/ahb/mgc_ahb_v2_0_pkg.sv'.
Parsing included file '/home/cad/tools/mentor/questa_vip/2022.2/questa_mvc_src/sv/ahb/sequence_lib/base/ahb_master_deparam_seq.svh'.
Back to file '/home/cad/tools/mentor/questa_vip/2022.2/questa_mvc_src/sv/ahb/mgc_ahb_v2_0_pkg.sv'.
Parsing included file '/home/cad/tools/mentor/questa_vip/2022.2/questa_mvc_src/sv/ahb/sequence_lib/base/ahb_master_seq.svh'.
Back to file '/home/cad/tools/mentor/questa_vip/2022.2/questa_mvc_src/sv/ahb/mgc_ahb_v2_0_pkg.sv'.
Parsing included file '/home/cad/tools/mentor/questa_vip/2022.2/questa_mvc_src/sv/ahb/sequence_lib/base/deprecated/ahb_master_sequence.svh'.
Back to file '/home/cad/tools/mentor/questa_vip/2022.2/questa_mvc_src/sv/ahb/mgc_ahb_v2_0_pkg.sv'.
Parsing included file '/home/cad/tools/mentor/questa_vip/2022.2/questa_mvc_src/sv/ahb/sequence_lib/base/deprecated/ahb_master_coverage_sequence.svh'.
Back to file '/home/cad/tools/mentor/questa_vip/2022.2/questa_mvc_src/sv/ahb/mgc_ahb_v2_0_pkg.sv'.
Parsing included file '/home/cad/tools/mentor/questa_vip/2022.2/questa_mvc_src/sv/ahb/sequence_lib/base/deprecated/ahb_phase_master_coverage_sequence.svh'.
Back to file '/home/cad/tools/mentor/questa_vip/2022.2/questa_mvc_src/sv/ahb/mgc_ahb_v2_0_pkg.sv'.
Parsing included file '/home/cad/tools/mentor/questa_vip/2022.2/questa_mvc_src/sv/ahb/sequence_lib/base/deprecated/ahb_phase_master_sequence.svh'.
Back to file '/home/cad/tools/mentor/questa_vip/2022.2/questa_mvc_src/sv/ahb/mgc_ahb_v2_0_pkg.sv'.
Parsing included file '/home/cad/tools/mentor/questa_vip/2022.2/questa_mvc_src/sv/ahb/sequence_lib/persistent/ahb_slave_sequence.svh'.
Back to file '/home/cad/tools/mentor/questa_vip/2022.2/questa_mvc_src/sv/ahb/mgc_ahb_v2_0_pkg.sv'.
Parsing included file '/home/cad/tools/mentor/questa_vip/2022.2/questa_mvc_src/sv/ahb/sequence_lib/persistent/ahb_arbiter_sequence.svh'.
Back to file '/home/cad/tools/mentor/questa_vip/2022.2/questa_mvc_src/sv/ahb/mgc_ahb_v2_0_pkg.sv'.
Parsing included file '/home/cad/tools/mentor/questa_vip/2022.2/questa_mvc_src/sv/ahb/reg_model/ahb_reg_predictor.svh'.
Back to file '/home/cad/tools/mentor/questa_vip/2022.2/questa_mvc_src/sv/ahb/mgc_ahb_v2_0_pkg.sv'.
Parsing included file '/home/cad/tools/mentor/questa_vip/2022.2/questa_mvc_src/sv/ahb/reg_model/reg2ahb_adapter.svh'.
Back to file '/home/cad/tools/mentor/questa_vip/2022.2/questa_mvc_src/sv/ahb/mgc_ahb_v2_0_pkg.sv'.
Parsing included file '/home/cad/tools/mentor/questa_vip/2022.2/questa_mvc_src/sv/ahb/analysis/ahb_scoreboard.svh'.
Back to file '/home/cad/tools/mentor/questa_vip/2022.2/questa_mvc_src/sv/ahb/mgc_ahb_v2_0_pkg.sv'.
Parsing included file '/home/cad/tools/mentor/questa_vip/2022.2/questa_mvc_src/sv/ahb/analysis/ahb_rw_adapter.svh'.
Back to file '/home/cad/tools/mentor/questa_vip/2022.2/questa_mvc_src/sv/ahb/mgc_ahb_v2_0_pkg.sv'.
Parsing included file '/home/cad/tools/mentor/questa_vip/2022.2/questa_mvc_src/sv/ahb/analysis/ahb_txn_logger.svh'.
Back to file '/home/cad/tools/mentor/questa_vip/2022.2/questa_mvc_src/sv/ahb/mgc_ahb_v2_0_pkg.sv'.
Parsing included file '/home/cad/tools/mentor/questa_vip/2022.2/questa_mvc_src/sv/ahb/analysis/ahb_arbiter_covergroups.svh'.
Back to file '/home/cad/tools/mentor/questa_vip/2022.2/questa_mvc_src/sv/ahb/mgc_ahb_v2_0_pkg.sv'.
Parsing included file '/home/cad/tools/mentor/questa_vip/2022.2/questa_mvc_src/sv/ahb/analysis/ahb_master_covergroups.svh'.
Back to file '/home/cad/tools/mentor/questa_vip/2022.2/questa_mvc_src/sv/ahb/mgc_ahb_v2_0_pkg.sv'.
Parsing included file '/home/cad/tools/mentor/questa_vip/2022.2/questa_mvc_src/sv/ahb/analysis/ahb_lite_master_covergroups.svh'.
Back to file '/home/cad/tools/mentor/questa_vip/2022.2/questa_mvc_src/sv/ahb/mgc_ahb_v2_0_pkg.sv'.
Parsing included file '/home/cad/tools/mentor/questa_vip/2022.2/questa_mvc_src/sv/ahb/analysis/ahb_slave_covergroups.svh'.
Back to file '/home/cad/tools/mentor/questa_vip/2022.2/questa_mvc_src/sv/ahb/mgc_ahb_v2_0_pkg.sv'.
Parsing included file '/home/cad/tools/mentor/questa_vip/2022.2/questa_mvc_src/sv/ahb/analysis/ahb_coverage_component.svh'.
Back to file '/home/cad/tools/mentor/questa_vip/2022.2/questa_mvc_src/sv/ahb/mgc_ahb_v2_0_pkg.sv'.
Parsing included file '/home/cad/tools/mentor/questa_vip/2022.2/questa_mvc_src/sv/ahb/shared/ahb_agent.svh'.
Back to file '/home/cad/tools/mentor/questa_vip/2022.2/questa_mvc_src/sv/ahb/mgc_ahb_v2_0_pkg.sv'.
Parsing included file '/home/cad/tools/mentor/questa_vip/2022.2/questa_mvc_src/sv/ahb/sequence_lib/mgc_ahb_seq_pkg.sv'.
Parsing included file '/home/cad/tools/mentor/questa/2022.2_1/questasim/verilog_src/uvm-1.1d/src/uvm_macros.svh'.
Back to file '/home/cad/tools/mentor/questa_vip/2022.2/questa_mvc_src/sv/ahb/sequence_lib/mgc_ahb_seq_pkg.sv'.
Parsing included file '/home/cad/tools/mentor/questa_vip/2022.2/questa_mvc_src/sv/ahb/sequence_lib/stimuli/ahb/param/single_rd.svh'.
Back to file '/home/cad/tools/mentor/questa_vip/2022.2/questa_mvc_src/sv/ahb/sequence_lib/mgc_ahb_seq_pkg.sv'.
Parsing included file '/home/cad/tools/mentor/questa_vip/2022.2/questa_mvc_src/sv/ahb/sequence_lib/stimuli/ahb/param/single_wr.svh'.
Back to file '/home/cad/tools/mentor/questa_vip/2022.2/questa_mvc_src/sv/ahb/sequence_lib/mgc_ahb_seq_pkg.sv'.
Parsing included file '/home/cad/tools/mentor/questa_vip/2022.2/questa_mvc_src/sv/ahb/sequence_lib/stimuli/ahb/param/incr_rd.svh'.
Back to file '/home/cad/tools/mentor/questa_vip/2022.2/questa_mvc_src/sv/ahb/sequence_lib/mgc_ahb_seq_pkg.sv'.
Parsing included file '/home/cad/tools/mentor/questa_vip/2022.2/questa_mvc_src/sv/ahb/sequence_lib/stimuli/ahb/param/incr_wr.svh'.
Back to file '/home/cad/tools/mentor/questa_vip/2022.2/questa_mvc_src/sv/ahb/sequence_lib/mgc_ahb_seq_pkg.sv'.
Parsing included file '/home/cad/tools/mentor/questa_vip/2022.2/questa_mvc_src/sv/ahb/sequence_lib/stimuli/ahb/param/incrxx_rd.svh'.
Back to file '/home/cad/tools/mentor/questa_vip/2022.2/questa_mvc_src/sv/ahb/sequence_lib/mgc_ahb_seq_pkg.sv'.
Parsing included file '/home/cad/tools/mentor/questa_vip/2022.2/questa_mvc_src/sv/ahb/sequence_lib/stimuli/ahb/param/incrxx_wr.svh'.
Back to file '/home/cad/tools/mentor/questa_vip/2022.2/questa_mvc_src/sv/ahb/sequence_lib/mgc_ahb_seq_pkg.sv'.
Parsing included file '/home/cad/tools/mentor/questa_vip/2022.2/questa_mvc_src/sv/ahb/sequence_lib/stimuli/ahb/param/wrapxx_rd.svh'.
Back to file '/home/cad/tools/mentor/questa_vip/2022.2/questa_mvc_src/sv/ahb/sequence_lib/mgc_ahb_seq_pkg.sv'.
Parsing included file '/home/cad/tools/mentor/questa_vip/2022.2/questa_mvc_src/sv/ahb/sequence_lib/stimuli/ahb/param/wrapxx_wr.svh'.
Back to file '/home/cad/tools/mentor/questa_vip/2022.2/questa_mvc_src/sv/ahb/sequence_lib/mgc_ahb_seq_pkg.sv'.
Parsing included file '/home/cad/tools/mentor/questa_vip/2022.2/questa_mvc_src/sv/ahb/sequence_lib/stimuli/ahb/param/rd_narrow.svh'.
Back to file '/home/cad/tools/mentor/questa_vip/2022.2/questa_mvc_src/sv/ahb/sequence_lib/mgc_ahb_seq_pkg.sv'.
Parsing included file '/home/cad/tools/mentor/questa_vip/2022.2/questa_mvc_src/sv/ahb/sequence_lib/stimuli/ahb/param/wr_narrow.svh'.
Back to file '/home/cad/tools/mentor/questa_vip/2022.2/questa_mvc_src/sv/ahb/sequence_lib/mgc_ahb_seq_pkg.sv'.
Parsing included file '/home/cad/tools/mentor/questa_vip/2022.2/questa_mvc_src/sv/ahb/sequence_lib/stimuli/ahb/param/rd_max_addr.svh'.
Back to file '/home/cad/tools/mentor/questa_vip/2022.2/questa_mvc_src/sv/ahb/sequence_lib/mgc_ahb_seq_pkg.sv'.
Parsing included file '/home/cad/tools/mentor/questa_vip/2022.2/questa_mvc_src/sv/ahb/sequence_lib/stimuli/ahb/param/wr_max_addr.svh'.
Back to file '/home/cad/tools/mentor/questa_vip/2022.2/questa_mvc_src/sv/ahb/sequence_lib/mgc_ahb_seq_pkg.sv'.
Parsing included file '/home/cad/tools/mentor/questa_vip/2022.2/questa_mvc_src/sv/ahb/sequence_lib/stimuli/ahb/param/rd_1kb_addr_boundary.svh'.
Back to file '/home/cad/tools/mentor/questa_vip/2022.2/questa_mvc_src/sv/ahb/sequence_lib/mgc_ahb_seq_pkg.sv'.
Parsing included file '/home/cad/tools/mentor/questa_vip/2022.2/questa_mvc_src/sv/ahb/sequence_lib/stimuli/ahb/param/wr_1kb_addr_boundary.svh'.
Back to file '/home/cad/tools/mentor/questa_vip/2022.2/questa_mvc_src/sv/ahb/sequence_lib/mgc_ahb_seq_pkg.sv'.
Parsing included file '/home/cad/tools/mentor/questa_vip/2022.2/questa_mvc_src/sv/ahb/sequence_lib/stimuli/ahb/param/lock_rd.svh'.
Back to file '/home/cad/tools/mentor/questa_vip/2022.2/questa_mvc_src/sv/ahb/sequence_lib/mgc_ahb_seq_pkg.sv'.
Parsing included file '/home/cad/tools/mentor/questa_vip/2022.2/questa_mvc_src/sv/ahb/sequence_lib/stimuli/ahb/param/lock_wr.svh'.
Back to file '/home/cad/tools/mentor/questa_vip/2022.2/questa_mvc_src/sv/ahb/sequence_lib/mgc_ahb_seq_pkg.sv'.
Parsing included file '/home/cad/tools/mentor/questa_vip/2022.2/questa_mvc_src/sv/ahb/sequence_lib/stimuli/ahb/param/lock_rw.svh'.
Back to file '/home/cad/tools/mentor/questa_vip/2022.2/questa_mvc_src/sv/ahb/sequence_lib/mgc_ahb_seq_pkg.sv'.
Parsing included file '/home/cad/tools/mentor/questa_vip/2022.2/questa_mvc_src/sv/ahb/sequence_lib/stimuli/ahb/param/rd_without_idle.svh'.
Back to file '/home/cad/tools/mentor/questa_vip/2022.2/questa_mvc_src/sv/ahb/sequence_lib/mgc_ahb_seq_pkg.sv'.
Parsing included file '/home/cad/tools/mentor/questa_vip/2022.2/questa_mvc_src/sv/ahb/sequence_lib/stimuli/ahb/param/wr_without_idle.svh'.
Back to file '/home/cad/tools/mentor/questa_vip/2022.2/questa_mvc_src/sv/ahb/sequence_lib/mgc_ahb_seq_pkg.sv'.
Parsing included file '/home/cad/tools/mentor/questa_vip/2022.2/questa_mvc_src/sv/ahb/sequence_lib/stimuli/ahb/param/rw_without_idle.svh'.
Back to file '/home/cad/tools/mentor/questa_vip/2022.2/questa_mvc_src/sv/ahb/sequence_lib/mgc_ahb_seq_pkg.sv'.
Parsing included file '/home/cad/tools/mentor/questa_vip/2022.2/questa_mvc_src/sv/ahb/sequence_lib/stimuli/ahb/param/rd_busy.svh'.
Back to file '/home/cad/tools/mentor/questa_vip/2022.2/questa_mvc_src/sv/ahb/sequence_lib/mgc_ahb_seq_pkg.sv'.
Parsing included file '/home/cad/tools/mentor/questa_vip/2022.2/questa_mvc_src/sv/ahb/sequence_lib/stimuli/ahb/param/wr_busy.svh'.
Back to file '/home/cad/tools/mentor/questa_vip/2022.2/questa_mvc_src/sv/ahb/sequence_lib/mgc_ahb_seq_pkg.sv'.
Parsing included file '/home/cad/tools/mentor/questa_vip/2022.2/questa_mvc_src/sv/ahb/sequence_lib/stimuli/ahb/param/rd_last_busy.svh'.
Back to file '/home/cad/tools/mentor/questa_vip/2022.2/questa_mvc_src/sv/ahb/sequence_lib/mgc_ahb_seq_pkg.sv'.
Parsing included file '/home/cad/tools/mentor/questa_vip/2022.2/questa_mvc_src/sv/ahb/sequence_lib/stimuli/ahb/param/wr_last_busy.svh'.
Back to file '/home/cad/tools/mentor/questa_vip/2022.2/questa_mvc_src/sv/ahb/sequence_lib/mgc_ahb_seq_pkg.sv'.
Parsing included file '/home/cad/tools/mentor/questa_vip/2022.2/questa_mvc_src/sv/ahb/sequence_lib/stimuli/ahb/param/diff_rw_without_idle.svh'.
Back to file '/home/cad/tools/mentor/questa_vip/2022.2/questa_mvc_src/sv/ahb/sequence_lib/mgc_ahb_seq_pkg.sv'.
Parsing included file '/home/cad/tools/mentor/questa_vip/2022.2/questa_mvc_src/sv/ahb/sequence_lib/stimuli/ahb/param/rw_without_idle_with_busy.svh'.
Back to file '/home/cad/tools/mentor/questa_vip/2022.2/questa_mvc_src/sv/ahb/sequence_lib/mgc_ahb_seq_pkg.sv'.
Parsing included file '/home/cad/tools/mentor/questa_vip/2022.2/questa_mvc_src/sv/ahb/sequence_lib/stimuli/ahb/deparam/single_rd_deparam.svh'.
Back to file '/home/cad/tools/mentor/questa_vip/2022.2/questa_mvc_src/sv/ahb/sequence_lib/mgc_ahb_seq_pkg.sv'.
Parsing included file '/home/cad/tools/mentor/questa_vip/2022.2/questa_mvc_src/sv/ahb/sequence_lib/stimuli/ahb/deparam/single_wr_deparam.svh'.
Back to file '/home/cad/tools/mentor/questa_vip/2022.2/questa_mvc_src/sv/ahb/sequence_lib/mgc_ahb_seq_pkg.sv'.
Parsing included file '/home/cad/tools/mentor/questa_vip/2022.2/questa_mvc_src/sv/ahb/sequence_lib/stimuli/ahb/deparam/incr_rd_deparam.svh'.
Back to file '/home/cad/tools/mentor/questa_vip/2022.2/questa_mvc_src/sv/ahb/sequence_lib/mgc_ahb_seq_pkg.sv'.
Parsing included file '/home/cad/tools/mentor/questa_vip/2022.2/questa_mvc_src/sv/ahb/sequence_lib/stimuli/ahb/deparam/incr_wr_deparam.svh'.
Back to file '/home/cad/tools/mentor/questa_vip/2022.2/questa_mvc_src/sv/ahb/sequence_lib/mgc_ahb_seq_pkg.sv'.
Parsing included file '/home/cad/tools/mentor/questa_vip/2022.2/questa_mvc_src/sv/ahb/sequence_lib/stimuli/ahb/deparam/incrxx_rd_deparam.svh'.
Back to file '/home/cad/tools/mentor/questa_vip/2022.2/questa_mvc_src/sv/ahb/sequence_lib/mgc_ahb_seq_pkg.sv'.
Parsing included file '/home/cad/tools/mentor/questa_vip/2022.2/questa_mvc_src/sv/ahb/sequence_lib/stimuli/ahb/deparam/incrxx_wr_deparam.svh'.
Back to file '/home/cad/tools/mentor/questa_vip/2022.2/questa_mvc_src/sv/ahb/sequence_lib/mgc_ahb_seq_pkg.sv'.
Parsing included file '/home/cad/tools/mentor/questa_vip/2022.2/questa_mvc_src/sv/ahb/sequence_lib/stimuli/ahb/deparam/wrapxx_rd_deparam.svh'.
Back to file '/home/cad/tools/mentor/questa_vip/2022.2/questa_mvc_src/sv/ahb/sequence_lib/mgc_ahb_seq_pkg.sv'.
Parsing included file '/home/cad/tools/mentor/questa_vip/2022.2/questa_mvc_src/sv/ahb/sequence_lib/stimuli/ahb/deparam/wrapxx_wr_deparam.svh'.
Back to file '/home/cad/tools/mentor/questa_vip/2022.2/questa_mvc_src/sv/ahb/sequence_lib/mgc_ahb_seq_pkg.sv'.
Parsing included file '/home/cad/tools/mentor/questa_vip/2022.2/questa_mvc_src/sv/ahb/sequence_lib/stimuli/ahb/deparam/rd_narrow_deparam.svh'.
Back to file '/home/cad/tools/mentor/questa_vip/2022.2/questa_mvc_src/sv/ahb/sequence_lib/mgc_ahb_seq_pkg.sv'.
Parsing included file '/home/cad/tools/mentor/questa_vip/2022.2/questa_mvc_src/sv/ahb/sequence_lib/stimuli/ahb/deparam/wr_narrow_deparam.svh'.
Back to file '/home/cad/tools/mentor/questa_vip/2022.2/questa_mvc_src/sv/ahb/sequence_lib/mgc_ahb_seq_pkg.sv'.
Parsing included file '/home/cad/tools/mentor/questa_vip/2022.2/questa_mvc_src/sv/ahb/sequence_lib/stimuli/ahb/deparam/rd_max_addr_deparam.svh'.
Back to file '/home/cad/tools/mentor/questa_vip/2022.2/questa_mvc_src/sv/ahb/sequence_lib/mgc_ahb_seq_pkg.sv'.
Parsing included file '/home/cad/tools/mentor/questa_vip/2022.2/questa_mvc_src/sv/ahb/sequence_lib/stimuli/ahb/deparam/wr_max_addr_deparam.svh'.
Back to file '/home/cad/tools/mentor/questa_vip/2022.2/questa_mvc_src/sv/ahb/sequence_lib/mgc_ahb_seq_pkg.sv'.
Parsing included file '/home/cad/tools/mentor/questa_vip/2022.2/questa_mvc_src/sv/ahb/sequence_lib/stimuli/ahb/deparam/rd_1kb_addr_boundary_deparam.svh'.
Back to file '/home/cad/tools/mentor/questa_vip/2022.2/questa_mvc_src/sv/ahb/sequence_lib/mgc_ahb_seq_pkg.sv'.
Parsing included file '/home/cad/tools/mentor/questa_vip/2022.2/questa_mvc_src/sv/ahb/sequence_lib/stimuli/ahb/deparam/wr_1kb_addr_boundary_deparam.svh'.
Back to file '/home/cad/tools/mentor/questa_vip/2022.2/questa_mvc_src/sv/ahb/sequence_lib/mgc_ahb_seq_pkg.sv'.
Parsing included file '/home/cad/tools/mentor/questa_vip/2022.2/questa_mvc_src/sv/ahb/sequence_lib/stimuli/ahb/deparam/lock_rd_deparam.svh'.
Back to file '/home/cad/tools/mentor/questa_vip/2022.2/questa_mvc_src/sv/ahb/sequence_lib/mgc_ahb_seq_pkg.sv'.
Parsing included file '/home/cad/tools/mentor/questa_vip/2022.2/questa_mvc_src/sv/ahb/sequence_lib/stimuli/ahb/deparam/lock_wr_deparam.svh'.
Back to file '/home/cad/tools/mentor/questa_vip/2022.2/questa_mvc_src/sv/ahb/sequence_lib/mgc_ahb_seq_pkg.sv'.
Parsing included file '/home/cad/tools/mentor/questa_vip/2022.2/questa_mvc_src/sv/ahb/sequence_lib/stimuli/ahb/deparam/lock_rw_deparam.svh'.
Back to file '/home/cad/tools/mentor/questa_vip/2022.2/questa_mvc_src/sv/ahb/sequence_lib/mgc_ahb_seq_pkg.sv'.
Parsing included file '/home/cad/tools/mentor/questa_vip/2022.2/questa_mvc_src/sv/ahb/sequence_lib/stimuli/ahb/deparam/rd_without_idle_deparam.svh'.
Back to file '/home/cad/tools/mentor/questa_vip/2022.2/questa_mvc_src/sv/ahb/sequence_lib/mgc_ahb_seq_pkg.sv'.
Parsing included file '/home/cad/tools/mentor/questa_vip/2022.2/questa_mvc_src/sv/ahb/sequence_lib/stimuli/ahb/deparam/wr_without_idle_deparam.svh'.
Back to file '/home/cad/tools/mentor/questa_vip/2022.2/questa_mvc_src/sv/ahb/sequence_lib/mgc_ahb_seq_pkg.sv'.
Parsing included file '/home/cad/tools/mentor/questa_vip/2022.2/questa_mvc_src/sv/ahb/sequence_lib/stimuli/ahb/deparam/rw_without_idle_deparam.svh'.
Back to file '/home/cad/tools/mentor/questa_vip/2022.2/questa_mvc_src/sv/ahb/sequence_lib/mgc_ahb_seq_pkg.sv'.
Parsing included file '/home/cad/tools/mentor/questa_vip/2022.2/questa_mvc_src/sv/ahb/sequence_lib/stimuli/ahb/deparam/rd_busy_deparam.svh'.
Back to file '/home/cad/tools/mentor/questa_vip/2022.2/questa_mvc_src/sv/ahb/sequence_lib/mgc_ahb_seq_pkg.sv'.
Parsing included file '/home/cad/tools/mentor/questa_vip/2022.2/questa_mvc_src/sv/ahb/sequence_lib/stimuli/ahb/deparam/wr_busy_deparam.svh'.
Back to file '/home/cad/tools/mentor/questa_vip/2022.2/questa_mvc_src/sv/ahb/sequence_lib/mgc_ahb_seq_pkg.sv'.
Parsing included file '/home/cad/tools/mentor/questa_vip/2022.2/questa_mvc_src/sv/ahb/sequence_lib/stimuli/ahb/deparam/wr_last_busy_deparam.svh'.
Back to file '/home/cad/tools/mentor/questa_vip/2022.2/questa_mvc_src/sv/ahb/sequence_lib/mgc_ahb_seq_pkg.sv'.
Parsing included file '/home/cad/tools/mentor/questa_vip/2022.2/questa_mvc_src/sv/ahb/sequence_lib/stimuli/ahb/deparam/rd_last_busy_deparam.svh'.
Back to file '/home/cad/tools/mentor/questa_vip/2022.2/questa_mvc_src/sv/ahb/sequence_lib/mgc_ahb_seq_pkg.sv'.
Parsing included file '/home/cad/tools/mentor/questa_vip/2022.2/questa_mvc_src/sv/ahb/sequence_lib/stimuli/ahb/deparam/generic.svh'.
Back to file '/home/cad/tools/mentor/questa_vip/2022.2/questa_mvc_src/sv/ahb/sequence_lib/mgc_ahb_seq_pkg.sv'.
Parsing included file '/home/cad/tools/mentor/questa_vip/2022.2/questa_mvc_src/sv/ahb/sequence_lib/stimuli/ahb/deparam/diff_rw_without_idle_deparam.svh'.
Back to file '/home/cad/tools/mentor/questa_vip/2022.2/questa_mvc_src/sv/ahb/sequence_lib/mgc_ahb_seq_pkg.sv'.
Parsing included file '/home/cad/tools/mentor/questa_vip/2022.2/questa_mvc_src/sv/ahb/sequence_lib/stimuli/ahb/deparam/rw_without_idle_with_busy_deparam.svh'.
Back to file '/home/cad/tools/mentor/questa_vip/2022.2/questa_mvc_src/sv/ahb/sequence_lib/mgc_ahb_seq_pkg.sv'.
Parsing included file '/home/cad/tools/mentor/questa_vip/2022.2/questa_mvc_src/sv/ahb/sequence_lib/stimuli/ahb_lite/param/excl_rw.svh'.
Back to file '/home/cad/tools/mentor/questa_vip/2022.2/questa_mvc_src/sv/ahb/sequence_lib/mgc_ahb_seq_pkg.sv'.
Parsing included file '/home/cad/tools/mentor/questa_vip/2022.2/questa_mvc_src/sv/ahb/sequence_lib/stimuli/ahb_lite/param/excl_rd_normal_wr.svh'.
Back to file '/home/cad/tools/mentor/questa_vip/2022.2/questa_mvc_src/sv/ahb/sequence_lib/mgc_ahb_seq_pkg.sv'.
Parsing included file '/home/cad/tools/mentor/questa_vip/2022.2/questa_mvc_src/sv/ahb/sequence_lib/stimuli/ahb_lite/param/normal_rd_excl_wr.svh'.
Back to file '/home/cad/tools/mentor/questa_vip/2022.2/questa_mvc_src/sv/ahb/sequence_lib/mgc_ahb_seq_pkg.sv'.
Parsing included file '/home/cad/tools/mentor/questa_vip/2022.2/questa_mvc_src/sv/ahb/sequence_lib/stimuli/ahb_lite/param/excl_rw_diff_attr.svh'.
Back to file '/home/cad/tools/mentor/questa_vip/2022.2/questa_mvc_src/sv/ahb/sequence_lib/mgc_ahb_seq_pkg.sv'.
Parsing included file '/home/cad/tools/mentor/questa_vip/2022.2/questa_mvc_src/sv/ahb/sequence_lib/stimuli/ahb_lite/param/excl_rw_normal_rd.svh'.
Back to file '/home/cad/tools/mentor/questa_vip/2022.2/questa_mvc_src/sv/ahb/sequence_lib/mgc_ahb_seq_pkg.sv'.
Parsing included file '/home/cad/tools/mentor/questa_vip/2022.2/questa_mvc_src/sv/ahb/sequence_lib/stimuli/ahb_lite/param/excl_rw_normal_wr.svh'.
Back to file '/home/cad/tools/mentor/questa_vip/2022.2/questa_mvc_src/sv/ahb/sequence_lib/mgc_ahb_seq_pkg.sv'.
Parsing included file '/home/cad/tools/mentor/questa_vip/2022.2/questa_mvc_src/sv/ahb/sequence_lib/stimuli/ahb_lite/param/excl_rw_excl_rd.svh'.
Back to file '/home/cad/tools/mentor/questa_vip/2022.2/questa_mvc_src/sv/ahb/sequence_lib/mgc_ahb_seq_pkg.sv'.
Parsing included file '/home/cad/tools/mentor/questa_vip/2022.2/questa_mvc_src/sv/ahb/sequence_lib/stimuli/ahb_lite/param/excl_rw_excl_wr.svh'.
Back to file '/home/cad/tools/mentor/questa_vip/2022.2/questa_mvc_src/sv/ahb/sequence_lib/mgc_ahb_seq_pkg.sv'.
Parsing included file '/home/cad/tools/mentor/questa_vip/2022.2/questa_mvc_src/sv/ahb/sequence_lib/stimuli/ahb_lite/param/excl_rw_excl_rd_diff_attr.svh'.
Back to file '/home/cad/tools/mentor/questa_vip/2022.2/questa_mvc_src/sv/ahb/sequence_lib/mgc_ahb_seq_pkg.sv'.
Parsing included file '/home/cad/tools/mentor/questa_vip/2022.2/questa_mvc_src/sv/ahb/sequence_lib/stimuli/ahb_lite/param/excl_rw_excl_wr_diff_attr.svh'.
Back to file '/home/cad/tools/mentor/questa_vip/2022.2/questa_mvc_src/sv/ahb/sequence_lib/mgc_ahb_seq_pkg.sv'.
Parsing included file '/home/cad/tools/mentor/questa_vip/2022.2/questa_mvc_src/sv/ahb/sequence_lib/stimuli/ahb_lite/param/mem_op_excl.svh'.
Back to file '/home/cad/tools/mentor/questa_vip/2022.2/questa_mvc_src/sv/ahb/sequence_lib/mgc_ahb_seq_pkg.sv'.
Parsing included file '/home/cad/tools/mentor/questa_vip/2022.2/questa_mvc_src/sv/ahb/sequence_lib/stimuli/arm11_ahb/param/rd_unalign.svh'.
Back to file '/home/cad/tools/mentor/questa_vip/2022.2/questa_mvc_src/sv/ahb/sequence_lib/mgc_ahb_seq_pkg.sv'.
Parsing included file '/home/cad/tools/mentor/questa_vip/2022.2/questa_mvc_src/sv/ahb/sequence_lib/stimuli/arm11_ahb/param/wr_unalign.svh'.
Back to file '/home/cad/tools/mentor/questa_vip/2022.2/questa_mvc_src/sv/ahb/sequence_lib/mgc_ahb_seq_pkg.sv'.
Parsing included file '/home/cad/tools/mentor/questa_vip/2022.2/questa_mvc_src/sv/ahb/sequence_lib/stimuli/arm11_ahb/param/wr_strb.svh'.
Back to file '/home/cad/tools/mentor/questa_vip/2022.2/questa_mvc_src/sv/ahb/sequence_lib/mgc_ahb_seq_pkg.sv'.
Parsing included file '/home/cad/tools/mentor/questa_vip/2022.2/questa_mvc_src/sv/ahb/sequence_lib/stimuli/arm11_ahb/param/rd_strb.svh'.
Back to file '/home/cad/tools/mentor/questa_vip/2022.2/questa_mvc_src/sv/ahb/sequence_lib/mgc_ahb_seq_pkg.sv'.
Parsing included file '/home/cad/tools/mentor/questa_vip/2022.2/questa_mvc_src/sv/ahb/sequence_lib/stimuli/ahb_lite/deparam/excl_rw_deparam.svh'.
Back to file '/home/cad/tools/mentor/questa_vip/2022.2/questa_mvc_src/sv/ahb/sequence_lib/mgc_ahb_seq_pkg.sv'.
Parsing included file '/home/cad/tools/mentor/questa_vip/2022.2/questa_mvc_src/sv/ahb/sequence_lib/stimuli/ahb_lite/deparam/excl_rd_normal_wr_deparam.svh'.
Back to file '/home/cad/tools/mentor/questa_vip/2022.2/questa_mvc_src/sv/ahb/sequence_lib/mgc_ahb_seq_pkg.sv'.
Parsing included file '/home/cad/tools/mentor/questa_vip/2022.2/questa_mvc_src/sv/ahb/sequence_lib/stimuli/ahb_lite/deparam/normal_rd_excl_wr_deparam.svh'.
Back to file '/home/cad/tools/mentor/questa_vip/2022.2/questa_mvc_src/sv/ahb/sequence_lib/mgc_ahb_seq_pkg.sv'.
Parsing included file '/home/cad/tools/mentor/questa_vip/2022.2/questa_mvc_src/sv/ahb/sequence_lib/stimuli/ahb_lite/deparam/excl_rw_diff_attr_deparam.svh'.
Back to file '/home/cad/tools/mentor/questa_vip/2022.2/questa_mvc_src/sv/ahb/sequence_lib/mgc_ahb_seq_pkg.sv'.
Parsing included file '/home/cad/tools/mentor/questa_vip/2022.2/questa_mvc_src/sv/ahb/sequence_lib/stimuli/ahb_lite/deparam/excl_rw_normal_rd_deparam.svh'.
Back to file '/home/cad/tools/mentor/questa_vip/2022.2/questa_mvc_src/sv/ahb/sequence_lib/mgc_ahb_seq_pkg.sv'.
Parsing included file '/home/cad/tools/mentor/questa_vip/2022.2/questa_mvc_src/sv/ahb/sequence_lib/stimuli/ahb_lite/deparam/excl_rw_normal_wr_deparam.svh'.
Back to file '/home/cad/tools/mentor/questa_vip/2022.2/questa_mvc_src/sv/ahb/sequence_lib/mgc_ahb_seq_pkg.sv'.
Parsing included file '/home/cad/tools/mentor/questa_vip/2022.2/questa_mvc_src/sv/ahb/sequence_lib/stimuli/ahb_lite/deparam/excl_rw_excl_rd_deparam.svh'.
Back to file '/home/cad/tools/mentor/questa_vip/2022.2/questa_mvc_src/sv/ahb/sequence_lib/mgc_ahb_seq_pkg.sv'.
Parsing included file '/home/cad/tools/mentor/questa_vip/2022.2/questa_mvc_src/sv/ahb/sequence_lib/stimuli/ahb_lite/deparam/excl_rw_excl_wr_deparam.svh'.
Back to file '/home/cad/tools/mentor/questa_vip/2022.2/questa_mvc_src/sv/ahb/sequence_lib/mgc_ahb_seq_pkg.sv'.
Parsing included file '/home/cad/tools/mentor/questa_vip/2022.2/questa_mvc_src/sv/ahb/sequence_lib/stimuli/ahb_lite/deparam/excl_rw_excl_rd_diff_attr_deparam.svh'.
Back to file '/home/cad/tools/mentor/questa_vip/2022.2/questa_mvc_src/sv/ahb/sequence_lib/mgc_ahb_seq_pkg.sv'.
Parsing included file '/home/cad/tools/mentor/questa_vip/2022.2/questa_mvc_src/sv/ahb/sequence_lib/stimuli/ahb_lite/deparam/excl_rw_excl_wr_diff_attr_deparam.svh'.
Back to file '/home/cad/tools/mentor/questa_vip/2022.2/questa_mvc_src/sv/ahb/sequence_lib/mgc_ahb_seq_pkg.sv'.
Parsing included file '/home/cad/tools/mentor/questa_vip/2022.2/questa_mvc_src/sv/ahb/sequence_lib/stimuli/ahb_lite/deparam/mem_op_excl_deparam.svh'.
Back to file '/home/cad/tools/mentor/questa_vip/2022.2/questa_mvc_src/sv/ahb/sequence_lib/mgc_ahb_seq_pkg.sv'.
Parsing included file '/home/cad/tools/mentor/questa_vip/2022.2/questa_mvc_src/sv/ahb/sequence_lib/stimuli/ahb_lite/deparam/lite_generic.svh'.
Back to file '/home/cad/tools/mentor/questa_vip/2022.2/questa_mvc_src/sv/ahb/sequence_lib/mgc_ahb_seq_pkg.sv'.
Parsing included file '/home/cad/tools/mentor/questa_vip/2022.2/questa_mvc_src/sv/ahb/sequence_lib/stimuli/arm11_ahb/deparam/rd_unalign_deparam.svh'.
Back to file '/home/cad/tools/mentor/questa_vip/2022.2/questa_mvc_src/sv/ahb/sequence_lib/mgc_ahb_seq_pkg.sv'.
Parsing included file '/home/cad/tools/mentor/questa_vip/2022.2/questa_mvc_src/sv/ahb/sequence_lib/stimuli/arm11_ahb/deparam/wr_unalign_deparam.svh'.
Back to file '/home/cad/tools/mentor/questa_vip/2022.2/questa_mvc_src/sv/ahb/sequence_lib/mgc_ahb_seq_pkg.sv'.
Parsing included file '/home/cad/tools/mentor/questa_vip/2022.2/questa_mvc_src/sv/ahb/sequence_lib/stimuli/arm11_ahb/deparam/wr_strb_deparam.svh'.
Back to file '/home/cad/tools/mentor/questa_vip/2022.2/questa_mvc_src/sv/ahb/sequence_lib/mgc_ahb_seq_pkg.sv'.
Parsing included file '/home/cad/tools/mentor/questa_vip/2022.2/questa_mvc_src/sv/ahb/sequence_lib/stimuli/arm11_ahb/deparam/rd_strb_deparam.svh'.
Back to file '/home/cad/tools/mentor/questa_vip/2022.2/questa_mvc_src/sv/ahb/sequence_lib/mgc_ahb_seq_pkg.sv'.
Back to file '/home/cad/tools/mentor/questa_vip/2022.2/questa_mvc_src/sv/ahb/mgc_ahb_v2_0_pkg.sv'.
Parsing included file '/home/cad/tools/mentor/questa_vip/2022.2/questa_mvc_src/sv/ahb/shared/ahb_interfaces_VCS.svh'.
Back to file '/home/cad/tools/mentor/questa_vip/2022.2/questa_mvc_src/sv/ahb/mgc_ahb_v2_0_pkg.sv'.
Parsing design file '/home/cad/tools/mentor/questa_vip/2022.2/questa_mvc_src/sv/ahb/modules/ahb_lite_slave.sv'
Parsing design file '/home/cad/tools/mentor/questa_vip/2022.2/questa_mvc_src/sv/ahb/modules/ahb_lite_monitor.sv'
Parsing design file '/home/cad/tools/mentor/questa_vip/2022.2/questa_mvc_src/sv/apb3/modules/apb5_master.sv'
Parsing design file '/home/cad/tools/mentor/questa_vip/2022.2/questa_mvc_src/sv/apb3/modules/apb_monitor.sv'
Parsing design file '/home/cad/tools/mentor/questa_vip/2022.2/questa_mvc_src/sv/apb3/modules/apb5_monitor.sv'
Parsing design file '/home/cad/tools/mentor/uvmf/UVMF_2022.3/uvmf_base_pkg/uvmf_base_pkg_hdl.sv'
Parsing included file '/home/cad/tools/mentor/uvmf/UVMF_2022.3/uvmf_base_pkg/src/uvmf_base_typedefs_hdl.svh'.
Back to file '/home/cad/tools/mentor/uvmf/UVMF_2022.3/uvmf_base_pkg/uvmf_base_pkg_hdl.sv'.
Parsing design file '/home/cad/tools/mentor/uvmf/UVMF_2022.3/uvmf_base_pkg/uvmf_base_pkg.sv'
Parsing included file '/home/cad/tools/mentor/questa/2022.2_1/questasim/verilog_src/uvm-1.1d/src/uvm_macros.svh'.
Back to file '/home/cad/tools/mentor/uvmf/UVMF_2022.3/uvmf_base_pkg/uvmf_base_pkg.sv'.
Parsing included file '/home/cad/tools/mentor/uvmf/UVMF_2022.3/uvmf_base_pkg/src/uvmf_version.svh'.
Back to file '/home/cad/tools/mentor/uvmf/UVMF_2022.3/uvmf_base_pkg/uvmf_base_pkg.sv'.
Parsing included file '/home/cad/tools/mentor/uvmf/UVMF_2022.3/uvmf_base_pkg/src/uvmf_base_typedefs.svh'.
Back to file '/home/cad/tools/mentor/uvmf/UVMF_2022.3/uvmf_base_pkg/uvmf_base_pkg.sv'.
Parsing included file '/home/cad/tools/mentor/uvmf/UVMF_2022.3/uvmf_base_pkg/src/uvmf_transaction_base.svh'.
Back to file '/home/cad/tools/mentor/uvmf/UVMF_2022.3/uvmf_base_pkg/uvmf_base_pkg.sv'.
Parsing included file '/home/cad/tools/mentor/uvmf/UVMF_2022.3/uvmf_base_pkg/src/uvmf_sequence_base.svh'.
Back to file '/home/cad/tools/mentor/uvmf/UVMF_2022.3/uvmf_base_pkg/uvmf_base_pkg.sv'.
Parsing included file '/home/cad/tools/mentor/uvmf/UVMF_2022.3/uvmf_base_pkg/src/uvmf_scoreboard_base.svh'.
Back to file '/home/cad/tools/mentor/uvmf/UVMF_2022.3/uvmf_base_pkg/uvmf_base_pkg.sv'.
Parsing included file '/home/cad/tools/mentor/uvmf/UVMF_2022.3/uvmf_base_pkg/src/uvmf_in_order_scoreboard.svh'.
Back to file '/home/cad/tools/mentor/uvmf/UVMF_2022.3/uvmf_base_pkg/uvmf_base_pkg.sv'.
Parsing included file '/home/cad/tools/mentor/uvmf/UVMF_2022.3/uvmf_base_pkg/src/uvmf_in_order_race_scoreboard.svh'.
Back to file '/home/cad/tools/mentor/uvmf/UVMF_2022.3/uvmf_base_pkg/uvmf_base_pkg.sv'.
Parsing included file '/home/cad/tools/mentor/uvmf/UVMF_2022.3/uvmf_base_pkg/src/uvmf_in_order_race_scoreboard_array.svh'.
Back to file '/home/cad/tools/mentor/uvmf/UVMF_2022.3/uvmf_base_pkg/uvmf_base_pkg.sv'.
Parsing included file '/home/cad/tools/mentor/uvmf/UVMF_2022.3/uvmf_base_pkg/src/uvmf_out_of_order_scoreboard.svh'.
Back to file '/home/cad/tools/mentor/uvmf/UVMF_2022.3/uvmf_base_pkg/uvmf_base_pkg.sv'.
Parsing included file '/home/cad/tools/mentor/uvmf/UVMF_2022.3/uvmf_base_pkg/src/uvmf_out_of_order_race_scoreboard.svh'.
Back to file '/home/cad/tools/mentor/uvmf/UVMF_2022.3/uvmf_base_pkg/uvmf_base_pkg.sv'.
Parsing included file '/home/cad/tools/mentor/uvmf/UVMF_2022.3/uvmf_base_pkg/src/uvmf_in_order_scoreboard_array.svh'.
Back to file '/home/cad/tools/mentor/uvmf/UVMF_2022.3/uvmf_base_pkg/uvmf_base_pkg.sv'.
Parsing included file '/home/cad/tools/mentor/uvmf/UVMF_2022.3/uvmf_base_pkg/src/uvmf_catapult_scoreboard.svh'.
Back to file '/home/cad/tools/mentor/uvmf/UVMF_2022.3/uvmf_base_pkg/uvmf_base_pkg.sv'.
Parsing included file '/home/cad/tools/mentor/uvmf/UVMF_2022.3/uvmf_base_pkg/src/uvmf_predictor_base.svh'.
Back to file '/home/cad/tools/mentor/uvmf/UVMF_2022.3/uvmf_base_pkg/uvmf_base_pkg.sv'.
Parsing included file '/home/cad/tools/mentor/uvmf/UVMF_2022.3/uvmf_base_pkg/src/uvmf_sorting_predictor_base.svh'.
Back to file '/home/cad/tools/mentor/uvmf/UVMF_2022.3/uvmf_base_pkg/uvmf_base_pkg.sv'.
Parsing included file '/home/cad/tools/mentor/uvmf/UVMF_2022.3/uvmf_base_pkg/src/uvmf_parameterized_agent_configuration_base.svh'.
Back to file '/home/cad/tools/mentor/uvmf/UVMF_2022.3/uvmf_base_pkg/uvmf_base_pkg.sv'.
Parsing included file '/home/cad/tools/mentor/uvmf/UVMF_2022.3/uvmf_base_pkg/src/uvmf_driver_base.svh'.
Back to file '/home/cad/tools/mentor/uvmf/UVMF_2022.3/uvmf_base_pkg/uvmf_base_pkg.sv'.
Parsing included file '/home/cad/tools/mentor/uvmf/UVMF_2022.3/uvmf_base_pkg/src/uvmf_monitor_base.svh'.
Back to file '/home/cad/tools/mentor/uvmf/UVMF_2022.3/uvmf_base_pkg/uvmf_base_pkg.sv'.
Parsing included file '/home/cad/tools/mentor/uvmf/UVMF_2022.3/uvmf_base_pkg/src/uvmf_parameterized_agent.svh'.
Back to file '/home/cad/tools/mentor/uvmf/UVMF_2022.3/uvmf_base_pkg/uvmf_base_pkg.sv'.
Parsing included file '/home/cad/tools/mentor/uvmf/UVMF_2022.3/uvmf_base_pkg/src/uvmf_virtual_sequencer_base.svh'.
Back to file '/home/cad/tools/mentor/uvmf/UVMF_2022.3/uvmf_base_pkg/uvmf_base_pkg.sv'.
Parsing included file '/home/cad/tools/mentor/uvmf/UVMF_2022.3/uvmf_base_pkg/src/uvmf_virtual_sequence_base.svh'.
Back to file '/home/cad/tools/mentor/uvmf/UVMF_2022.3/uvmf_base_pkg/uvmf_base_pkg.sv'.
Parsing included file '/home/cad/tools/mentor/uvmf/UVMF_2022.3/uvmf_base_pkg/src/uvmf_environment_configuration_base.svh'.
Back to file '/home/cad/tools/mentor/uvmf/UVMF_2022.3/uvmf_base_pkg/uvmf_base_pkg.sv'.
Parsing included file '/home/cad/tools/mentor/uvmf/UVMF_2022.3/uvmf_base_pkg/src/uvmf_environment_base.svh'.
Back to file '/home/cad/tools/mentor/uvmf/UVMF_2022.3/uvmf_base_pkg/uvmf_base_pkg.sv'.
Parsing included file '/home/cad/tools/mentor/uvmf/UVMF_2022.3/uvmf_base_pkg/src/uvmf_parameterized_simplex_environment.svh'.
Back to file '/home/cad/tools/mentor/uvmf/UVMF_2022.3/uvmf_base_pkg/uvmf_base_pkg.sv'.
Parsing included file '/home/cad/tools/mentor/uvmf/UVMF_2022.3/uvmf_base_pkg/src/uvmf_parameterized_1agent_environment.svh'.
Back to file '/home/cad/tools/mentor/uvmf/UVMF_2022.3/uvmf_base_pkg/uvmf_base_pkg.sv'.
Parsing included file '/home/cad/tools/mentor/uvmf/UVMF_2022.3/uvmf_base_pkg/src/uvmf_parameterized_2agent_environment.svh'.
Back to file '/home/cad/tools/mentor/uvmf/UVMF_2022.3/uvmf_base_pkg/uvmf_base_pkg.sv'.
Parsing included file '/home/cad/tools/mentor/uvmf/UVMF_2022.3/uvmf_base_pkg/src/uvmf_parameterized_3agent_environment.svh'.
Back to file '/home/cad/tools/mentor/uvmf/UVMF_2022.3/uvmf_base_pkg/uvmf_base_pkg.sv'.
Parsing included file '/home/cad/tools/mentor/uvmf/UVMF_2022.3/uvmf_base_pkg/src/uvmf_test_base.svh'.
Back to file '/home/cad/tools/mentor/uvmf/UVMF_2022.3/uvmf_base_pkg/uvmf_base_pkg.sv'.
Parsing design file '/home/cad/tools/mentor/uvmf/UVMF_2022.3/common/utility_packages/qvip_utils_pkg/qvip_utils_pkg.sv'
Parsing included file '/home/cad/tools/mentor/questa/2022.2_1/questasim/verilog_src/uvm-1.1d/src/uvm_macros.svh'.
Back to file '/home/cad/tools/mentor/uvmf/UVMF_2022.3/common/utility_packages/qvip_utils_pkg/qvip_utils_pkg.sv'.
Parsing included file '/home/cad/tools/mentor/uvmf/UVMF_2022.3/common/utility_packages/qvip_utils_pkg/src/qvip_agent_adapter.svh'.
Back to file '/home/cad/tools/mentor/uvmf/UVMF_2022.3/common/utility_packages/qvip_utils_pkg/qvip_utils_pkg.sv'.
Parsing included file '/home/cad/tools/mentor/uvmf/UVMF_2022.3/common/utility_packages/qvip_utils_pkg/src/qvip_memory_agent.svh'.
Back to file '/home/cad/tools/mentor/uvmf/UVMF_2022.3/common/utility_packages/qvip_utils_pkg/qvip_utils_pkg.sv'.
Parsing included file '/home/cad/tools/mentor/uvmf/UVMF_2022.3/common/utility_packages/qvip_utils_pkg/src/qvip_report_catcher.svh'.
Back to file '/home/cad/tools/mentor/uvmf/UVMF_2022.3/common/utility_packages/qvip_utils_pkg/qvip_utils_pkg.sv'.
Parsing design file '/home/cad/tools/mentor/uvmf/UVMF_2022.3/common/mgc_vip/ahb/mgc_ahb_master_hdl.sv'
Parsing design file '/home/cad/tools/mentor/uvmf/UVMF_2022.3/common/mgc_vip/ahb/mgc_ahb_master_hvl.sv'
Parsing included file '/home/cad/tools/mentor/uvmf/UVMF_2022.3/common/mgc_vip/ahb/mgc_ahb_hvl.svh'.
Back to file '/home/cad/tools/mentor/uvmf/UVMF_2022.3/common/mgc_vip/ahb/mgc_ahb_master_hvl.sv'.
Parsing design file '/home/cad/tools/mentor/uvmf/UVMF_2022.3/common/mgc_vip/ahb/mgc_ahb_module_hvl.sv'
Parsing design file '/home/cad/tools/mentor/uvmf/UVMF_2022.3/common/mgc_vip/ahb/mgc_ahb_signal_if.sv'
Parsing design file '/home/cad/tools/mentor/uvmf/UVMF_2022.3/common/mgc_vip/ahb/mgc_ahb_slave_hdl.sv'
Parsing design file '/home/cad/tools/mentor/uvmf/UVMF_2022.3/common/mgc_vip/ahb/mgc_ahb_slave_hvl.sv'
Parsing included file '/home/cad/tools/mentor/uvmf/UVMF_2022.3/common/mgc_vip/ahb/mgc_ahb_hvl.svh'.
Back to file '/home/cad/tools/mentor/uvmf/UVMF_2022.3/common/mgc_vip/ahb/mgc_ahb_slave_hvl.sv'.
Parsing design file '/home/cad/tools/mentor/uvmf/UVMF_2022.3/common/modules/ahb_master.v'
Parsing design file '/home/cad/tools/mentor/uvmf/UVMF_2022.3/common/modules/ahb_memory_slave_module_hdl.sv'
Parsing design file '/home/cad/tools/mentor/uvmf/UVMF_2022.3/common/modules/ahb_memory_slave_module_hvl.sv'
Parsing included file '/home/cad/tools/mentor/questa_vip/2022.2/questa_mvc_src/sv/mvc_macros.svh'.
Parsing included file '/home/cad/tools/mentor/questa/2022.2_1/questasim/verilog_src/uvm-1.1d/src/uvm_macros.svh'.
Back to file '/home/cad/tools/mentor/questa_vip/2022.2/questa_mvc_src/sv/mvc_macros.svh'.
Back to file '/home/cad/tools/mentor/uvmf/UVMF_2022.3/common/modules/ahb_memory_slave_module_hvl.sv'.
Parsing design file '/home/cad/tools/mentor/uvmf/UVMF_2022.3/common/modules/ahb_memory_slave_module.sv'
Parsing included file '/home/cad/tools/mentor/questa/2022.2_1/questasim/verilog_src/uvm-1.1d/src/uvm_macros.svh'.
Back to file '/home/cad/tools/mentor/uvmf/UVMF_2022.3/common/modules/ahb_memory_slave_module.sv'.
Parsing design file '/home/cad/tools/mentor/uvmf/UVMF_2022.3/common/modules/ahb_slave.v'
Parsing design file '/home/cad/tools/mentor/uvmf/UVMF_2022.3/common/modules/apb3_memory_slave_module.sv'
Parsing included file '/home/cad/tools/mentor/questa/2022.2_1/questasim/verilog_src/uvm-1.1d/src/uvm_macros.svh'.
Back to file '/home/cad/tools/mentor/uvmf/UVMF_2022.3/common/modules/apb3_memory_slave_module.sv'.
Parsing design file '/home/cad/tools/mentor/uvmf/UVMF_2022.3/common/mgc_vip/apb/apb_master_hdl_wrapper.sv'
Parsing included file '/home/cad/tools/mentor/questa/2022.2_1/questasim/verilog_src/uvm-1.1d/src/uvm_macros.svh'.
Back to file '/home/cad/tools/mentor/uvmf/UVMF_2022.3/common/mgc_vip/apb/apb_master_hdl_wrapper.sv'.
Parsing design file '/home/cad/tools/mentor/uvmf/UVMF_2022.3/common/mgc_vip/apb/apb_master_hvl_wrapper.sv'
Parsing design file '/home/cad/tools/mentor/uvmf/UVMF_2022.3/common/mgc_vip/apb/apb_monitor_hdl_wrapper.sv'
Parsing design file '/home/cad/tools/mentor/uvmf/UVMF_2022.3/common/mgc_vip/apb/apb_monitor_hvl_wrapper.sv'
Parsing design file '/home/cad/tools/mentor/uvmf/UVMF_2022.3/common/uvm_co_emulation_utilities/uvm_co-emulation_utilities/utils/clock/clock_pkg.sv'
Parsing included file '/home/cad/tools/mentor/questa/2022.2_1/questasim/verilog_src/uvm-1.1d/src/uvm_macros.svh'.
Back to file '/home/cad/tools/mentor/uvmf/UVMF_2022.3/common/uvm_co_emulation_utilities/uvm_co-emulation_utilities/utils/clock/clock_pkg.sv'.
Parsing included file '/home/cad/tools/mentor/uvmf/UVMF_2022.3/common/uvm_co_emulation_utilities/uvm_co-emulation_utilities/utils/clock/XlSvQueue.svh'.
Back to file '/home/cad/tools/mentor/uvmf/UVMF_2022.3/common/uvm_co_emulation_utilities/uvm_co-emulation_utilities/utils/clock/clock_pkg.sv'.
Parsing included file '/home/cad/tools/mentor/uvmf/UVMF_2022.3/common/uvm_co_emulation_utilities/uvm_co-emulation_utilities/utils/clock/XlSvTimeSync.svh'.
Back to file '/home/cad/tools/mentor/uvmf/UVMF_2022.3/common/uvm_co_emulation_utilities/uvm_co-emulation_utilities/utils/clock/clock_pkg.sv'.
Parsing included file '/home/cad/tools/mentor/uvmf/UVMF_2022.3/common/uvm_co_emulation_utilities/uvm_co-emulation_utilities/utils/clock/clock_ctrl_base.svh'.
Back to file '/home/cad/tools/mentor/uvmf/UVMF_2022.3/common/uvm_co_emulation_utilities/uvm_co-emulation_utilities/utils/clock/clock_pkg.sv'.
Parsing included file '/home/cad/tools/mentor/uvmf/UVMF_2022.3/common/uvm_co_emulation_utilities/uvm_co-emulation_utilities/utils/clock/clock_ctrl.svh'.
Back to file '/home/cad/tools/mentor/uvmf/UVMF_2022.3/common/uvm_co_emulation_utilities/uvm_co-emulation_utilities/utils/clock/clock_pkg.sv'.
Parsing design file '/home/cad/tools/mentor/uvmf/UVMF_2022.3/common/uvm_co_emulation_utilities/uvm_co-emulation_utilities/utils/clock/clock_bfm.sv'
Parsing design file '/home/cad/tools/mentor/uvmf/UVMF_2022.3/common/uvm_co_emulation_utilities/uvm_co-emulation_utilities/utils/memload/memload_pkg.sv'
Parsing design file '/home/cad/tools/mentor/uvmf/UVMF_2022.3/common/uvm_co_emulation_utilities/uvm_co-emulation_utilities/utils/reset/reset_pkg.sv'
Parsing included file '/home/cad/tools/mentor/questa/2022.2_1/questasim/verilog_src/uvm-1.1d/src/uvm_macros.svh'.
Back to file '/home/cad/tools/mentor/uvmf/UVMF_2022.3/common/uvm_co_emulation_utilities/uvm_co-emulation_utilities/utils/reset/reset_pkg.sv'.
Parsing included file '/home/cad/tools/mentor/uvmf/UVMF_2022.3/common/uvm_co_emulation_utilities/uvm_co-emulation_utilities/utils/reset/reset_ctrl_base.svh'.
Back to file '/home/cad/tools/mentor/uvmf/UVMF_2022.3/common/uvm_co_emulation_utilities/uvm_co-emulation_utilities/utils/reset/reset_pkg.sv'.
Parsing included file '/home/cad/tools/mentor/uvmf/UVMF_2022.3/common/uvm_co_emulation_utilities/uvm_co-emulation_utilities/utils/reset/async_reset_ctrl.svh'.
Back to file '/home/cad/tools/mentor/uvmf/UVMF_2022.3/common/uvm_co_emulation_utilities/uvm_co-emulation_utilities/utils/reset/reset_pkg.sv'.
Parsing included file '/home/cad/tools/mentor/uvmf/UVMF_2022.3/common/uvm_co_emulation_utilities/uvm_co-emulation_utilities/utils/reset/sync_reset_ctrl.svh'.
Back to file '/home/cad/tools/mentor/uvmf/UVMF_2022.3/common/uvm_co_emulation_utilities/uvm_co-emulation_utilities/utils/reset/reset_pkg.sv'.
Parsing design file '/home/cad/tools/mentor/uvmf/UVMF_2022.3/common/uvm_co_emulation_utilities/uvm_co-emulation_utilities/utils/reset/async_reset_bfm.sv'
Parsing design file '/home/cad/tools/mentor/uvmf/UVMF_2022.3/common/uvm_co_emulation_utilities/uvm_co-emulation_utilities/utils/reset/sync_reset_bfm.sv'
Parsing design file '/home/ws/caliptra/mojtabab/caliptra/ws2/chipsalliance/caliptra-rtl/submodules/adams-bridge/src/abr_libs/uvmf/qvip_ahb_lite_slave_dir/config_policies/qvip_ahb_lite_slave_params_pkg.sv'
Parsing included file '/home/ws/caliptra/mojtabab/caliptra/ws2/chipsalliance/caliptra-rtl/submodules/adams-bridge/src/abr_libs/uvmf/qvip_ahb_lite_slave_dir/config_policies/ahb_lite_slave_0_config_policy.svh'.
Back to file '/home/ws/caliptra/mojtabab/caliptra/ws2/chipsalliance/caliptra-rtl/submodules/adams-bridge/src/abr_libs/uvmf/qvip_ahb_lite_slave_dir/config_policies/qvip_ahb_lite_slave_params_pkg.sv'.
Parsing design file '/home/ws/caliptra/mojtabab/caliptra/ws2/chipsalliance/caliptra-rtl/submodules/adams-bridge/src/abr_libs/uvmf/qvip_ahb_lite_slave_dir/uvmf/qvip_ahb_lite_slave_pkg.sv'
Parsing included file '/home/cad/tools/mentor/questa/2022.2_1/questasim/verilog_src/uvm-1.1d/src/uvm_macros.svh'.
Back to file '/home/ws/caliptra/mojtabab/caliptra/ws2/chipsalliance/caliptra-rtl/submodules/adams-bridge/src/abr_libs/uvmf/qvip_ahb_lite_slave_dir/uvmf/qvip_ahb_lite_slave_pkg.sv'.
Parsing included file '/home/ws/caliptra/mojtabab/caliptra/ws2/chipsalliance/caliptra-rtl/submodules/adams-bridge/src/abr_libs/uvmf/qvip_ahb_lite_slave_dir/uvmf/qvip_ahb_lite_slave_env_configuration.svh'.
Back to file '/home/ws/caliptra/mojtabab/caliptra/ws2/chipsalliance/caliptra-rtl/submodules/adams-bridge/src/abr_libs/uvmf/qvip_ahb_lite_slave_dir/uvmf/qvip_ahb_lite_slave_pkg.sv'.
Parsing included file '/home/ws/caliptra/mojtabab/caliptra/ws2/chipsalliance/caliptra-rtl/submodules/adams-bridge/src/abr_libs/uvmf/qvip_ahb_lite_slave_dir/uvmf/qvip_ahb_lite_slave_environment.svh'.
Parsing included file '/home/cad/tools/mentor/questa/2022.2_1/questasim/verilog_src/uvm-1.1d/src/uvm_macros.svh'.
Back to file '/home/ws/caliptra/mojtabab/caliptra/ws2/chipsalliance/caliptra-rtl/submodules/adams-bridge/src/abr_libs/uvmf/qvip_ahb_lite_slave_dir/uvmf/qvip_ahb_lite_slave_environment.svh'.
Back to file '/home/ws/caliptra/mojtabab/caliptra/ws2/chipsalliance/caliptra-rtl/submodules/adams-bridge/src/abr_libs/uvmf/qvip_ahb_lite_slave_dir/uvmf/qvip_ahb_lite_slave_pkg.sv'.
Parsing design file '/home/ws/caliptra/mojtabab/caliptra/ws2/chipsalliance/caliptra-rtl/submodules/adams-bridge/src/abr_libs/uvmf/qvip_ahb_lite_slave_dir/uvmf/hdl_qvip_ahb_lite_slave.sv'
Parsing design file '/home/ws/caliptra/mojtabab/caliptra/ws2/chipsalliance/caliptra-rtl/submodules/adams-bridge/src/abr_libs/uvmf/qvip_ahb_lite_slave_dir/uvmf/default_clk_gen.sv'
Parsing design file '/home/ws/caliptra/mojtabab/caliptra/ws2/chipsalliance/caliptra-rtl/submodules/adams-bridge/src/abr_libs/uvmf/qvip_ahb_lite_slave_dir/uvmf/default_reset_gen.sv'
Parsing design file '/home/ws/caliptra/mojtabab/caliptra/ws2/chipsalliance/caliptra-rtl/submodules/adams-bridge/src/abr_top/rtl/abr_params_pkg.sv'
Parsing design file '/home/ws/caliptra/mojtabab/caliptra/ws2/chipsalliance/caliptra-rtl/submodules/adams-bridge/src/abr_top/rtl/abr_reg_pkg.sv'
Parsing design file '/home/ws/caliptra/mojtabab/caliptra/ws2/chipsalliance/caliptra-rtl/submodules/adams-bridge/src/abr_sampler_top/rtl/abr_sampler_pkg.sv'
Parsing design file '/home/ws/caliptra/mojtabab/caliptra/ws2/chipsalliance/caliptra-rtl/submodules/adams-bridge/src/abr_top/rtl/abr_ctrl_pkg.sv'
Parsing design file '/home/ws/caliptra/mojtabab/caliptra/ws2/chipsalliance/caliptra-rtl/submodules/adams-bridge/src/ntt_top/rtl/ntt_defines_pkg.sv'
Parsing design file '/home/ws/caliptra/mojtabab/caliptra/ws2/chipsalliance/caliptra-rtl/submodules/adams-bridge/src/abr_libs/rtl/abr_1r1w_ram.sv'
Parsing included file '/home/ws/caliptra/mojtabab/caliptra/ws2/chipsalliance/caliptra-rtl/submodules/adams-bridge/src/abr_prim/rtl/abr_prim_assert.sv'.
Parsing included file '/home/ws/caliptra/mojtabab/caliptra/ws2/chipsalliance/caliptra-rtl/submodules/adams-bridge/src/abr_prim/rtl/abr_prim_assert_standard_macros.svh'.
Parsing included file '/home/ws/caliptra/mojtabab/caliptra/ws2/chipsalliance/caliptra-rtl/submodules/adams-bridge/src/abr_prim/rtl/abr_prim_assert.sv'.
Back to file '/home/ws/caliptra/mojtabab/caliptra/ws2/chipsalliance/caliptra-rtl/submodules/adams-bridge/src/abr_prim/rtl/abr_prim_assert_standard_macros.svh'.
Back to file '/home/ws/caliptra/mojtabab/caliptra/ws2/chipsalliance/caliptra-rtl/submodules/adams-bridge/src/abr_prim/rtl/abr_prim_assert.sv'.
Parsing included file '/home/ws/caliptra/mojtabab/caliptra/ws2/chipsalliance/caliptra-rtl/submodules/adams-bridge/src/abr_prim/rtl/abr_prim_assert_sec_cm.svh'.
Parsing included file '/home/ws/caliptra/mojtabab/caliptra/ws2/chipsalliance/caliptra-rtl/submodules/adams-bridge/src/abr_prim/rtl/abr_prim_assert.sv'.
Back to file '/home/ws/caliptra/mojtabab/caliptra/ws2/chipsalliance/caliptra-rtl/submodules/adams-bridge/src/abr_prim/rtl/abr_prim_assert_sec_cm.svh'.
Back to file '/home/ws/caliptra/mojtabab/caliptra/ws2/chipsalliance/caliptra-rtl/submodules/adams-bridge/src/abr_prim/rtl/abr_prim_assert.sv'.
Parsing included file '/home/ws/caliptra/mojtabab/caliptra/ws2/chipsalliance/caliptra-rtl/submodules/adams-bridge/src/abr_prim/rtl/abr_prim_flop_macros.sv'.
Parsing included file '/home/ws/caliptra/mojtabab/caliptra/ws2/chipsalliance/caliptra-rtl/submodules/adams-bridge/src/abr_prim/rtl/abr_prim_assert.sv'.
Back to file '/home/ws/caliptra/mojtabab/caliptra/ws2/chipsalliance/caliptra-rtl/submodules/adams-bridge/src/abr_prim/rtl/abr_prim_flop_macros.sv'.
Back to file '/home/ws/caliptra/mojtabab/caliptra/ws2/chipsalliance/caliptra-rtl/submodules/adams-bridge/src/abr_prim/rtl/abr_prim_assert.sv'.
Back to file '/home/ws/caliptra/mojtabab/caliptra/ws2/chipsalliance/caliptra-rtl/submodules/adams-bridge/src/abr_libs/rtl/abr_1r1w_ram.sv'.
Parsing design file '/home/ws/caliptra/mojtabab/caliptra/ws2/chipsalliance/caliptra-rtl/submodules/adams-bridge/src/abr_libs/rtl/abr_1r1w_be_ram.sv'
Parsing included file '/home/ws/caliptra/mojtabab/caliptra/ws2/chipsalliance/caliptra-rtl/submodules/adams-bridge/src/abr_prim/rtl/abr_prim_assert.sv'.
Back to file '/home/ws/caliptra/mojtabab/caliptra/ws2/chipsalliance/caliptra-rtl/submodules/adams-bridge/src/abr_libs/rtl/abr_1r1w_be_ram.sv'.
Parsing design file '/home/ws/caliptra/mojtabab/caliptra/ws2/chipsalliance/caliptra-rtl/submodules/adams-bridge/src/abr_libs/rtl/abr_1r1w_512x4_ram.sv'
Parsing design file '/home/ws/caliptra/mojtabab/caliptra/ws2/chipsalliance/caliptra-rtl/submodules/adams-bridge/src/abr_libs/rtl/abr_ram_regout.sv'
Parsing design file '/home/ws/caliptra/mojtabab/caliptra/ws2/chipsalliance/caliptra-rtl/submodules/adams-bridge/src/abr_libs/rtl/abr_icg.sv'
Parsing included file '/home/ws/caliptra/mojtabab/caliptra/ws2/chipsalliance/caliptra-rtl/submodules/adams-bridge/src/abr_top/rtl/abr_config_defines.svh'.
Parsing included file '/home/ws/caliptra/mojtabab/caliptra/ws2/chipsalliance/caliptra-rtl/submodules/adams-bridge/src/abr_prim/rtl/abr_prim_assert.sv'.
Back to file '/home/ws/caliptra/mojtabab/caliptra/ws2/chipsalliance/caliptra-rtl/submodules/adams-bridge/src/abr_top/rtl/abr_config_defines.svh'.
Back to file '/home/ws/caliptra/mojtabab/caliptra/ws2/chipsalliance/caliptra-rtl/submodules/adams-bridge/src/abr_libs/rtl/abr_icg.sv'.
Parsing design file '/home/ws/caliptra/mojtabab/caliptra/ws2/chipsalliance/caliptra-rtl/submodules/adams-bridge/src/abr_libs/rtl/abr_2ff_sync.sv'
Parsing design file '/home/ws/caliptra/mojtabab/caliptra/ws2/chipsalliance/caliptra-rtl/submodules/adams-bridge/src/abr_libs/rtl/abr_piso_multi.sv'
Parsing included file '/home/ws/caliptra/mojtabab/caliptra/ws2/chipsalliance/caliptra-rtl/submodules/adams-bridge/src/abr_prim/rtl/abr_prim_assert.sv'.
Back to file '/home/ws/caliptra/mojtabab/caliptra/ws2/chipsalliance/caliptra-rtl/submodules/adams-bridge/src/abr_libs/rtl/abr_piso_multi.sv'.
Parsing design file '/home/ws/caliptra/mojtabab/caliptra/ws2/chipsalliance/caliptra-rtl/submodules/adams-bridge/src/abr_libs/rtl/abr_piso.sv'
Parsing design file '/home/ws/caliptra/mojtabab/caliptra/ws2/chipsalliance/caliptra-rtl/submodules/adams-bridge/src/abr_libs/rtl/abr_sample_buffer.sv'
Parsing design file '/home/ws/caliptra/mojtabab/caliptra/ws2/chipsalliance/caliptra-rtl/submodules/adams-bridge/src/abr_libs/rtl/abr_msg_buffer.sv'
Parsing included file '/home/ws/caliptra/mojtabab/caliptra/ws2/chipsalliance/caliptra-rtl/submodules/adams-bridge/src/abr_prim/rtl/abr_prim_assert.sv'.
Back to file '/home/ws/caliptra/mojtabab/caliptra/ws2/chipsalliance/caliptra-rtl/submodules/adams-bridge/src/abr_libs/rtl/abr_msg_buffer.sv'.
Parsing design file '/home/ws/caliptra/mojtabab/caliptra/ws2/chipsalliance/caliptra-rtl/submodules/adams-bridge/src/abr_libs/rtl/abr_rd_lat_buffer.sv'
Parsing design file '/home/ws/caliptra/mojtabab/caliptra/ws2/chipsalliance/caliptra-rtl/submodules/adams-bridge/src/abr_libs/rtl/abr_ahb_defines_pkg.sv'
Parsing design file '/home/ws/caliptra/mojtabab/caliptra/ws2/chipsalliance/caliptra-rtl/submodules/adams-bridge/src/abr_libs/rtl/abr_ahb_slv_sif.sv'
Parsing design file '/home/ws/caliptra/mojtabab/caliptra/ws2/chipsalliance/caliptra-rtl/submodules/adams-bridge/src/abr_libs/rtl/abr_adder.sv'
Parsing design file '/home/ws/caliptra/mojtabab/caliptra/ws2/chipsalliance/caliptra-rtl/submodules/adams-bridge/src/abr_libs/rtl/abr_add_sub_mod.sv'
Parsing design file '/home/ws/caliptra/mojtabab/caliptra/ws2/chipsalliance/caliptra-rtl/submodules/adams-bridge/src/abr_libs/rtl/abr_ntt_add_sub_mod.sv'
Parsing design file '/home/ws/caliptra/mojtabab/caliptra/ws2/chipsalliance/caliptra-rtl/submodules/adams-bridge/src/abr_libs/rtl/abr_splitter.sv'
Parsing included file '/home/ws/caliptra/mojtabab/caliptra/ws2/chipsalliance/caliptra-rtl/submodules/adams-bridge/src/abr_prim/rtl/abr_prim_assert.sv'.
Back to file '/home/ws/caliptra/mojtabab/caliptra/ws2/chipsalliance/caliptra-rtl/submodules/adams-bridge/src/abr_libs/rtl/abr_splitter.sv'.
Parsing design file '/home/ws/caliptra/mojtabab/caliptra/ws2/chipsalliance/caliptra-rtl/submodules/adams-bridge/src/abr_libs/rtl/abr_recombiner.sv'
Parsing design file '/home/ws/caliptra/mojtabab/caliptra/ws2/chipsalliance/caliptra-rtl/submodules/adams-bridge/src/abr_prim/rtl/abr_prim_alert_pkg.sv'
Parsing design file '/home/ws/caliptra/mojtabab/caliptra/ws2/chipsalliance/caliptra-rtl/submodules/adams-bridge/src/abr_prim/rtl/abr_prim_mubi_pkg.sv'
Parsing included file '/home/ws/caliptra/mojtabab/caliptra/ws2/chipsalliance/caliptra-rtl/submodules/adams-bridge/src/abr_prim/rtl/abr_prim_assert.sv'.
Back to file '/home/ws/caliptra/mojtabab/caliptra/ws2/chipsalliance/caliptra-rtl/submodules/adams-bridge/src/abr_prim/rtl/abr_prim_mubi_pkg.sv'.
Parsing design file '/home/ws/caliptra/mojtabab/caliptra/ws2/chipsalliance/caliptra-rtl/submodules/adams-bridge/src/abr_prim/rtl/abr_prim_cipher_pkg.sv'
Parsing design file '/home/ws/caliptra/mojtabab/caliptra/ws2/chipsalliance/caliptra-rtl/submodules/adams-bridge/src/abr_prim/rtl/abr_prim_pkg.sv'
Parsing design file '/home/ws/caliptra/mojtabab/caliptra/ws2/chipsalliance/caliptra-rtl/submodules/adams-bridge/src/abr_prim/rtl/abr_prim_sparse_fsm_pkg.sv'
Parsing design file '/home/ws/caliptra/mojtabab/caliptra/ws2/chipsalliance/caliptra-rtl/submodules/adams-bridge/src/sample_in_ball/rtl/sample_in_ball_pkg.sv'
Parsing design file '/home/ws/caliptra/mojtabab/caliptra/ws2/chipsalliance/caliptra-rtl/submodules/adams-bridge/src/sample_in_ball/rtl/sib_mem.sv'
Parsing design file '/home/ws/caliptra/mojtabab/caliptra/ws2/chipsalliance/caliptra-rtl/submodules/adams-bridge/src/norm_check/rtl/norm_check_defines_pkg.sv'
Parsing design file '/home/ws/caliptra/mojtabab/caliptra/ws2/chipsalliance/caliptra-rtl/submodules/adams-bridge/src/abr_top/rtl/abr_reg_uvm.sv'
Parsing included file '/home/cad/tools/mentor/questa/2022.2_1/questasim/verilog_src/uvm-1.1d/src/uvm_macros.svh'.
Back to file '/home/ws/caliptra/mojtabab/caliptra/ws2/chipsalliance/caliptra-rtl/submodules/adams-bridge/src/abr_top/rtl/abr_reg_uvm.sv'.
Parsing design file '/home/ws/caliptra/mojtabab/caliptra/ws2/chipsalliance/caliptra-rtl/submodules/adams-bridge/src/abr_top/coverage/abr_top_cov_if.sv'
Parsing design file '/home/ws/caliptra/mojtabab/caliptra/ws2/chipsalliance/caliptra-rtl/submodules/adams-bridge/src/abr_top/coverage/abr_top_cov_bind.sv'
Parsing design file '/home/ws/caliptra/mojtabab/caliptra/ws2/chipsalliance/caliptra-rtl/submodules/adams-bridge/src/abr_top/uvmf/uvmf_template_output/verification_ip/environment_packages/mldsa_env_pkg/registers/mldsa_reg_model_top_pkg.sv'
Parsing included file '/home/cad/tools/mentor/questa/2022.2_1/questasim/verilog_src/uvm-1.1d/src/uvm_macros.svh'.
Back to file '/home/ws/caliptra/mojtabab/caliptra/ws2/chipsalliance/caliptra-rtl/submodules/adams-bridge/src/abr_top/uvmf/uvmf_template_output/verification_ip/environment_packages/mldsa_env_pkg/registers/mldsa_reg_model_top_pkg.sv'.
Parsing design file '/home/ws/caliptra/mojtabab/caliptra/ws2/chipsalliance/caliptra-rtl/submodules/adams-bridge/src/abr_top/uvmf/uvmf_template_output/verification_ip/environment_packages/mldsa_env_pkg/mldsa_env_pkg.sv'
Parsing included file '/home/cad/tools/mentor/questa/2022.2_1/questasim/verilog_src/uvm-1.1d/src/uvm_macros.svh'.
Back to file '/home/ws/caliptra/mojtabab/caliptra/ws2/chipsalliance/caliptra-rtl/submodules/adams-bridge/src/abr_top/uvmf/uvmf_template_output/verification_ip/environment_packages/mldsa_env_pkg/mldsa_env_pkg.sv'.
Parsing included file '/home/ws/caliptra/mojtabab/caliptra/ws2/chipsalliance/caliptra-rtl/submodules/adams-bridge/src/abr_top/uvmf/uvmf_template_output/verification_ip/environment_packages/mldsa_env_pkg/src/mldsa_env_typedefs.svh'.
Back to file '/home/ws/caliptra/mojtabab/caliptra/ws2/chipsalliance/caliptra-rtl/submodules/adams-bridge/src/abr_top/uvmf/uvmf_template_output/verification_ip/environment_packages/mldsa_env_pkg/mldsa_env_pkg.sv'.
Parsing included file '/home/ws/caliptra/mojtabab/caliptra/ws2/chipsalliance/caliptra-rtl/submodules/adams-bridge/src/abr_top/uvmf/uvmf_template_output/verification_ip/environment_packages/mldsa_env_pkg/src/mldsa_env_configuration.svh'.
Back to file '/home/ws/caliptra/mojtabab/caliptra/ws2/chipsalliance/caliptra-rtl/submodules/adams-bridge/src/abr_top/uvmf/uvmf_template_output/verification_ip/environment_packages/mldsa_env_pkg/mldsa_env_pkg.sv'.
Parsing included file '/home/ws/caliptra/mojtabab/caliptra/ws2/chipsalliance/caliptra-rtl/submodules/adams-bridge/src/abr_top/uvmf/uvmf_template_output/verification_ip/environment_packages/mldsa_env_pkg/src/mldsa_predictor.svh'.
Back to file '/home/ws/caliptra/mojtabab/caliptra/ws2/chipsalliance/caliptra-rtl/submodules/adams-bridge/src/abr_top/uvmf/uvmf_template_output/verification_ip/environment_packages/mldsa_env_pkg/mldsa_env_pkg.sv'.
Parsing included file '/home/ws/caliptra/mojtabab/caliptra/ws2/chipsalliance/caliptra-rtl/submodules/adams-bridge/src/abr_top/uvmf/uvmf_template_output/verification_ip/environment_packages/mldsa_env_pkg/src/mldsa_scoreboard.svh'.
Back to file '/home/ws/caliptra/mojtabab/caliptra/ws2/chipsalliance/caliptra-rtl/submodules/adams-bridge/src/abr_top/uvmf/uvmf_template_output/verification_ip/environment_packages/mldsa_env_pkg/mldsa_env_pkg.sv'.
Parsing included file '/home/ws/caliptra/mojtabab/caliptra/ws2/chipsalliance/caliptra-rtl/submodules/adams-bridge/src/abr_top/uvmf/uvmf_template_output/verification_ip/environment_packages/mldsa_env_pkg/src/mldsa_environment.svh'.
Back to file '/home/ws/caliptra/mojtabab/caliptra/ws2/chipsalliance/caliptra-rtl/submodules/adams-bridge/src/abr_top/uvmf/uvmf_template_output/verification_ip/environment_packages/mldsa_env_pkg/mldsa_env_pkg.sv'.
Parsing included file '/home/ws/caliptra/mojtabab/caliptra/ws2/chipsalliance/caliptra-rtl/submodules/adams-bridge/src/abr_top/uvmf/uvmf_template_output/verification_ip/environment_packages/mldsa_env_pkg/src/mldsa_env_sequence_base.svh'.
Back to file '/home/ws/caliptra/mojtabab/caliptra/ws2/chipsalliance/caliptra-rtl/submodules/adams-bridge/src/abr_top/uvmf/uvmf_template_output/verification_ip/environment_packages/mldsa_env_pkg/mldsa_env_pkg.sv'.
Parsing design file '/home/ws/caliptra/mojtabab/caliptra/ws2/chipsalliance/caliptra-rtl/submodules/adams-bridge/src/abr_top/uvmf/uvmf_template_output/project_benches/mldsa/tb/parameters/mldsa_parameters_pkg.sv'
Parsing design file '/home/ws/caliptra/mojtabab/caliptra/ws2/chipsalliance/caliptra-rtl/submodules/adams-bridge/src/abr_top/uvmf/uvmf_template_output/project_benches/mldsa/tb/sequences/mldsa_sequences_pkg.sv'
Parsing included file '/home/cad/tools/mentor/questa/2022.2_1/questasim/verilog_src/uvm-1.1d/src/uvm_macros.svh'.
Back to file '/home/ws/caliptra/mojtabab/caliptra/ws2/chipsalliance/caliptra-rtl/submodules/adams-bridge/src/abr_top/uvmf/uvmf_template_output/project_benches/mldsa/tb/sequences/mldsa_sequences_pkg.sv'.
Parsing included file '/home/ws/caliptra/mojtabab/caliptra/ws2/chipsalliance/caliptra-rtl/submodules/adams-bridge/src/abr_top/uvmf/uvmf_template_output/project_benches/mldsa/tb/sequences/src/mldsa_bench_sequence_base.svh'.
Back to file '/home/ws/caliptra/mojtabab/caliptra/ws2/chipsalliance/caliptra-rtl/submodules/adams-bridge/src/abr_top/uvmf/uvmf_template_output/project_benches/mldsa/tb/sequences/mldsa_sequences_pkg.sv'.
Parsing included file '/home/ws/caliptra/mojtabab/caliptra/ws2/chipsalliance/caliptra-rtl/submodules/adams-bridge/src/abr_top/uvmf/uvmf_template_output/project_benches/mldsa/tb/sequences/src/register_test_sequence.svh'.
Back to file '/home/ws/caliptra/mojtabab/caliptra/ws2/chipsalliance/caliptra-rtl/submodules/adams-bridge/src/abr_top/uvmf/uvmf_template_output/project_benches/mldsa/tb/sequences/mldsa_sequences_pkg.sv'.
Parsing included file '/home/ws/caliptra/mojtabab/caliptra/ws2/chipsalliance/caliptra-rtl/submodules/adams-bridge/src/abr_top/uvmf/uvmf_template_output/project_benches/mldsa/tb/sequences/src/example_derived_test_sequence.svh'.
Back to file '/home/ws/caliptra/mojtabab/caliptra/ws2/chipsalliance/caliptra-rtl/submodules/adams-bridge/src/abr_top/uvmf/uvmf_template_output/project_benches/mldsa/tb/sequences/mldsa_sequences_pkg.sv'.
Parsing included file '/home/ws/caliptra/mojtabab/caliptra/ws2/chipsalliance/caliptra-rtl/submodules/adams-bridge/src/abr_top/uvmf/uvmf_template_output/project_benches/mldsa/tb/sequences/src/ML_DSA_randomized_reset_sequence.svh'.
Back to file '/home/ws/caliptra/mojtabab/caliptra/ws2/chipsalliance/caliptra-rtl/submodules/adams-bridge/src/abr_top/uvmf/uvmf_template_output/project_benches/mldsa/tb/sequences/mldsa_sequences_pkg.sv'.
Parsing included file '/home/ws/caliptra/mojtabab/caliptra/ws2/chipsalliance/caliptra-rtl/submodules/adams-bridge/src/abr_top/uvmf/uvmf_template_output/project_benches/mldsa/tb/sequences/src/ML_DSA_randomized_key_gen_sequence.svh'.
Back to file '/home/ws/caliptra/mojtabab/caliptra/ws2/chipsalliance/caliptra-rtl/submodules/adams-bridge/src/abr_top/uvmf/uvmf_template_output/project_benches/mldsa/tb/sequences/mldsa_sequences_pkg.sv'.
Parsing included file '/home/ws/caliptra/mojtabab/caliptra/ws2/chipsalliance/caliptra-rtl/submodules/adams-bridge/src/abr_top/uvmf/uvmf_template_output/project_benches/mldsa/tb/sequences/src/ML_DSA_randomized_key_gen_and_sign_sequence.svh'.
Back to file '/home/ws/caliptra/mojtabab/caliptra/ws2/chipsalliance/caliptra-rtl/submodules/adams-bridge/src/abr_top/uvmf/uvmf_template_output/project_benches/mldsa/tb/sequences/mldsa_sequences_pkg.sv'.
Parsing included file '/home/ws/caliptra/mojtabab/caliptra/ws2/chipsalliance/caliptra-rtl/submodules/adams-bridge/src/abr_top/uvmf/uvmf_template_output/project_benches/mldsa/tb/sequences/src/ML_DSA_randomized_early_run_sequence.svh'.
Back to file '/home/ws/caliptra/mojtabab/caliptra/ws2/chipsalliance/caliptra-rtl/submodules/adams-bridge/src/abr_top/uvmf/uvmf_template_output/project_benches/mldsa/tb/sequences/mldsa_sequences_pkg.sv'.
Parsing included file '/home/ws/caliptra/mojtabab/caliptra/ws2/chipsalliance/caliptra-rtl/submodules/adams-bridge/src/abr_top/uvmf/uvmf_template_output/project_benches/mldsa/tb/sequences/src/ML_DSA_randomized_zeroize_sequence.svh'.
Back to file '/home/ws/caliptra/mojtabab/caliptra/ws2/chipsalliance/caliptra-rtl/submodules/adams-bridge/src/abr_top/uvmf/uvmf_template_output/project_benches/mldsa/tb/sequences/mldsa_sequences_pkg.sv'.
Parsing included file '/home/ws/caliptra/mojtabab/caliptra/ws2/chipsalliance/caliptra-rtl/submodules/adams-bridge/src/abr_top/uvmf/uvmf_template_output/project_benches/mldsa/tb/sequences/src/ML_DSA_randomized_sign_gen_sequence.svh'.
Back to file '/home/ws/caliptra/mojtabab/caliptra/ws2/chipsalliance/caliptra-rtl/submodules/adams-bridge/src/abr_top/uvmf/uvmf_template_output/project_benches/mldsa/tb/sequences/mldsa_sequences_pkg.sv'.
Parsing included file '/home/ws/caliptra/mojtabab/caliptra/ws2/chipsalliance/caliptra-rtl/submodules/adams-bridge/src/abr_top/uvmf/uvmf_template_output/project_benches/mldsa/tb/sequences/src/ML_DSA_randomized_verif_sequence.svh'.
Back to file '/home/ws/caliptra/mojtabab/caliptra/ws2/chipsalliance/caliptra-rtl/submodules/adams-bridge/src/abr_top/uvmf/uvmf_template_output/project_benches/mldsa/tb/sequences/mldsa_sequences_pkg.sv'.
Parsing included file '/home/ws/caliptra/mojtabab/caliptra/ws2/chipsalliance/caliptra-rtl/submodules/adams-bridge/src/abr_top/uvmf/uvmf_template_output/project_benches/mldsa/tb/sequences/src/ML_DSA_randomized_verif_fail_sequence.svh'.
Back to file '/home/ws/caliptra/mojtabab/caliptra/ws2/chipsalliance/caliptra-rtl/submodules/adams-bridge/src/abr_top/uvmf/uvmf_template_output/project_benches/mldsa/tb/sequences/mldsa_sequences_pkg.sv'.
Parsing included file '/home/ws/caliptra/mojtabab/caliptra/ws2/chipsalliance/caliptra-rtl/submodules/adams-bridge/src/abr_top/uvmf/uvmf_template_output/project_benches/mldsa/tb/sequences/src/ML_DSA_randomized_two_verif_on_fail_sequence.svh'.
Back to file '/home/ws/caliptra/mojtabab/caliptra/ws2/chipsalliance/caliptra-rtl/submodules/adams-bridge/src/abr_top/uvmf/uvmf_template_output/project_benches/mldsa/tb/sequences/mldsa_sequences_pkg.sv'.
Parsing included file '/home/ws/caliptra/mojtabab/caliptra/ws2/chipsalliance/caliptra-rtl/submodules/adams-bridge/src/abr_top/uvmf/uvmf_template_output/project_benches/mldsa/tb/sequences/src/ML_DSA_randomized_h_decode_fail_sequence.svh'.
Back to file '/home/ws/caliptra/mojtabab/caliptra/ws2/chipsalliance/caliptra-rtl/submodules/adams-bridge/src/abr_top/uvmf/uvmf_template_output/project_benches/mldsa/tb/sequences/mldsa_sequences_pkg.sv'.
Parsing included file '/home/ws/caliptra/mojtabab/caliptra/ws2/chipsalliance/caliptra-rtl/submodules/adams-bridge/src/abr_top/uvmf/uvmf_template_output/project_benches/mldsa/tb/sequences/src/ML_DSA_randomized_all_sequence.svh'.
Back to file '/home/ws/caliptra/mojtabab/caliptra/ws2/chipsalliance/caliptra-rtl/submodules/adams-bridge/src/abr_top/uvmf/uvmf_template_output/project_benches/mldsa/tb/sequences/mldsa_sequences_pkg.sv'.
Parsing included file '/home/ws/caliptra/mojtabab/caliptra/ws2/chipsalliance/caliptra-rtl/submodules/adams-bridge/src/abr_top/uvmf/uvmf_template_output/project_benches/mldsa/tb/sequences/src/ML_DSA_keygen_KATs_sequence.svh'.
Back to file '/home/ws/caliptra/mojtabab/caliptra/ws2/chipsalliance/caliptra-rtl/submodules/adams-bridge/src/abr_top/uvmf/uvmf_template_output/project_benches/mldsa/tb/sequences/mldsa_sequences_pkg.sv'.
Parsing included file '/home/ws/caliptra/mojtabab/caliptra/ws2/chipsalliance/caliptra-rtl/submodules/adams-bridge/src/abr_top/uvmf/uvmf_template_output/project_benches/mldsa/tb/sequences/src/ML_DSA_44_keygen_KATs_sequence.svh'.
Back to file '/home/ws/caliptra/mojtabab/caliptra/ws2/chipsalliance/caliptra-rtl/submodules/adams-bridge/src/abr_top/uvmf/uvmf_template_output/project_benches/mldsa/tb/sequences/mldsa_sequences_pkg.sv'.
Parsing included file '/home/ws/caliptra/mojtabab/caliptra/ws2/chipsalliance/caliptra-rtl/submodules/adams-bridge/src/abr_top/uvmf/uvmf_template_output/project_benches/mldsa/tb/sequences/src/ML_DSA_65_keygen_KATs_sequence.svh'.
Back to file '/home/ws/caliptra/mojtabab/caliptra/ws2/chipsalliance/caliptra-rtl/submodules/adams-bridge/src/abr_top/uvmf/uvmf_template_output/project_benches/mldsa/tb/sequences/mldsa_sequences_pkg.sv'.
Parsing included file '/home/ws/caliptra/mojtabab/caliptra/ws2/chipsalliance/caliptra-rtl/submodules/adams-bridge/src/abr_top/uvmf/uvmf_template_output/project_benches/mldsa/tb/sequences/src/ML_DSA_keygen_signing_KATs_sequence.svh'.
Back to file '/home/ws/caliptra/mojtabab/caliptra/ws2/chipsalliance/caliptra-rtl/submodules/adams-bridge/src/abr_top/uvmf/uvmf_template_output/project_benches/mldsa/tb/sequences/mldsa_sequences_pkg.sv'.
Parsing included file '/home/ws/caliptra/mojtabab/caliptra/ws2/chipsalliance/caliptra-rtl/submodules/adams-bridge/src/abr_top/uvmf/uvmf_template_output/project_benches/mldsa/tb/sequences/src/ML_DSA_verif_KATs_sequence.svh'.
Back to file '/home/ws/caliptra/mojtabab/caliptra/ws2/chipsalliance/caliptra-rtl/submodules/adams-bridge/src/abr_top/uvmf/uvmf_template_output/project_benches/mldsa/tb/sequences/mldsa_sequences_pkg.sv'.
Parsing included file '/home/ws/caliptra/mojtabab/caliptra/ws2/chipsalliance/caliptra-rtl/submodules/adams-bridge/src/abr_top/uvmf/uvmf_template_output/project_benches/mldsa/tb/sequences/src/ML_DSA_verif_KATs_stream_msg_sequence.svh'.
Back to file '/home/ws/caliptra/mojtabab/caliptra/ws2/chipsalliance/caliptra-rtl/submodules/adams-bridge/src/abr_top/uvmf/uvmf_template_output/project_benches/mldsa/tb/sequences/mldsa_sequences_pkg.sv'.
Parsing included file '/home/ws/caliptra/mojtabab/caliptra/ws2/chipsalliance/caliptra-rtl/submodules/adams-bridge/src/abr_top/uvmf/uvmf_template_output/project_benches/mldsa/tb/sequences/src/ML_DSA_randomized_KeySign_stream_msg_sequence.svh'.
Back to file '/home/ws/caliptra/mojtabab/caliptra/ws2/chipsalliance/caliptra-rtl/submodules/adams-bridge/src/abr_top/uvmf/uvmf_template_output/project_benches/mldsa/tb/sequences/mldsa_sequences_pkg.sv'.
Parsing included file '/home/ws/caliptra/mojtabab/caliptra/ws2/chipsalliance/caliptra-rtl/submodules/adams-bridge/src/abr_top/uvmf/uvmf_template_output/project_benches/mldsa/tb/sequences/src/ML_DSA_randomized_verif_stream_msg_sequence.svh'.
Back to file '/home/ws/caliptra/mojtabab/caliptra/ws2/chipsalliance/caliptra-rtl/submodules/adams-bridge/src/abr_top/uvmf/uvmf_template_output/project_benches/mldsa/tb/sequences/mldsa_sequences_pkg.sv'.
Parsing included file '/home/ws/caliptra/mojtabab/caliptra/ws2/chipsalliance/caliptra-rtl/submodules/adams-bridge/src/abr_top/uvmf/uvmf_template_output/project_benches/mldsa/tb/sequences/src/ML_DSA_randomized_zeroize_stream_msg_sequence.svh'.
Back to file '/home/ws/caliptra/mojtabab/caliptra/ws2/chipsalliance/caliptra-rtl/submodules/adams-bridge/src/abr_top/uvmf/uvmf_template_output/project_benches/mldsa/tb/sequences/mldsa_sequences_pkg.sv'.
Parsing included file '/home/ws/caliptra/mojtabab/caliptra/ws2/chipsalliance/caliptra-rtl/submodules/adams-bridge/src/abr_top/uvmf/uvmf_template_output/project_benches/mldsa/tb/sequences/src/ML_DSA_externalmu_KATs_sequence.svh'.
Back to file '/home/ws/caliptra/mojtabab/caliptra/ws2/chipsalliance/caliptra-rtl/submodules/adams-bridge/src/abr_top/uvmf/uvmf_template_output/project_benches/mldsa/tb/sequences/mldsa_sequences_pkg.sv'.
Parsing included file '/home/ws/caliptra/mojtabab/caliptra/ws2/chipsalliance/caliptra-rtl/submodules/adams-bridge/src/abr_top/uvmf/uvmf_template_output/project_benches/mldsa/tb/sequences/src/ML_DSA_externalmu_ACVP_KATs_sequence.svh'.
Back to file '/home/ws/caliptra/mojtabab/caliptra/ws2/chipsalliance/caliptra-rtl/submodules/adams-bridge/src/abr_top/uvmf/uvmf_template_output/project_benches/mldsa/tb/sequences/mldsa_sequences_pkg.sv'.
Parsing included file '/home/ws/caliptra/mojtabab/caliptra/ws2/chipsalliance/caliptra-rtl/submodules/adams-bridge/src/abr_top/uvmf/uvmf_template_output/project_benches/mldsa/tb/sequences/src/ML_DSA_65_externalmu_ACVP_KATs_sequence.svh'.
Back to file '/home/ws/caliptra/mojtabab/caliptra/ws2/chipsalliance/caliptra-rtl/submodules/adams-bridge/src/abr_top/uvmf/uvmf_template_output/project_benches/mldsa/tb/sequences/mldsa_sequences_pkg.sv'.
Parsing included file '/home/ws/caliptra/mojtabab/caliptra/ws2/chipsalliance/caliptra-rtl/submodules/adams-bridge/src/abr_top/uvmf/uvmf_template_output/project_benches/mldsa/tb/sequences/src/ML_DSA_44_externalmu_ACVP_KATs_sequence.svh'.
Back to file '/home/ws/caliptra/mojtabab/caliptra/ws2/chipsalliance/caliptra-rtl/submodules/adams-bridge/src/abr_top/uvmf/uvmf_template_output/project_benches/mldsa/tb/sequences/mldsa_sequences_pkg.sv'.
Parsing included file '/home/ws/caliptra/mojtabab/caliptra/ws2/chipsalliance/caliptra-rtl/submodules/adams-bridge/src/abr_top/uvmf/uvmf_template_output/project_benches/mldsa/tb/sequences/src/ML_DSA_ACVP_rejection_KATs_sequence.svh'.
Back to file '/home/ws/caliptra/mojtabab/caliptra/ws2/chipsalliance/caliptra-rtl/submodules/adams-bridge/src/abr_top/uvmf/uvmf_template_output/project_benches/mldsa/tb/sequences/mldsa_sequences_pkg.sv'.
Parsing included file '/home/ws/caliptra/mojtabab/caliptra/ws2/chipsalliance/caliptra-rtl/submodules/adams-bridge/src/abr_top/uvmf/uvmf_template_output/project_benches/mldsa/tb/sequences/src/ML_DSA_44_keygen_signing_KATs_sequence.svh'.
Back to file '/home/ws/caliptra/mojtabab/caliptra/ws2/chipsalliance/caliptra-rtl/submodules/adams-bridge/src/abr_top/uvmf/uvmf_template_output/project_benches/mldsa/tb/sequences/mldsa_sequences_pkg.sv'.
Parsing included file '/home/ws/caliptra/mojtabab/caliptra/ws2/chipsalliance/caliptra-rtl/submodules/adams-bridge/src/abr_top/uvmf/uvmf_template_output/project_benches/mldsa/tb/sequences/src/ML_DSA_65_keygen_signing_KATs_sequence.svh'.
Back to file '/home/ws/caliptra/mojtabab/caliptra/ws2/chipsalliance/caliptra-rtl/submodules/adams-bridge/src/abr_top/uvmf/uvmf_template_output/project_benches/mldsa/tb/sequences/mldsa_sequences_pkg.sv'.
Parsing included file '/home/ws/caliptra/mojtabab/caliptra/ws2/chipsalliance/caliptra-rtl/submodules/adams-bridge/src/abr_top/uvmf/uvmf_template_output/project_benches/mldsa/tb/sequences/src/ML_DSA_randomized_kg_sign_verify_base_sequence.svh'.
Back to file '/home/ws/caliptra/mojtabab/caliptra/ws2/chipsalliance/caliptra-rtl/submodules/adams-bridge/src/abr_top/uvmf/uvmf_template_output/project_benches/mldsa/tb/sequences/mldsa_sequences_pkg.sv'.
Parsing included file '/home/ws/caliptra/mojtabab/caliptra/ws2/chipsalliance/caliptra-rtl/submodules/adams-bridge/src/abr_top/uvmf/uvmf_template_output/project_benches/mldsa/tb/sequences/src/ML_DSA_44_randomized_kg_sign_verify_sequence.svh'.
Back to file '/home/ws/caliptra/mojtabab/caliptra/ws2/chipsalliance/caliptra-rtl/submodules/adams-bridge/src/abr_top/uvmf/uvmf_template_output/project_benches/mldsa/tb/sequences/mldsa_sequences_pkg.sv'.
Parsing included file '/home/ws/caliptra/mojtabab/caliptra/ws2/chipsalliance/caliptra-rtl/submodules/adams-bridge/src/abr_top/uvmf/uvmf_template_output/project_benches/mldsa/tb/sequences/src/ML_DSA_65_randomized_kg_sign_verify_sequence.svh'.
Back to file '/home/ws/caliptra/mojtabab/caliptra/ws2/chipsalliance/caliptra-rtl/submodules/adams-bridge/src/abr_top/uvmf/uvmf_template_output/project_benches/mldsa/tb/sequences/mldsa_sequences_pkg.sv'.
Parsing included file '/home/ws/caliptra/mojtabab/caliptra/ws2/chipsalliance/caliptra-rtl/submodules/adams-bridge/src/abr_top/uvmf/uvmf_template_output/project_benches/mldsa/tb/sequences/src/ML_DSA_87_randomized_kg_sign_verify_sequence.svh'.
Back to file '/home/ws/caliptra/mojtabab/caliptra/ws2/chipsalliance/caliptra-rtl/submodules/adams-bridge/src/abr_top/uvmf/uvmf_template_output/project_benches/mldsa/tb/sequences/mldsa_sequences_pkg.sv'.
Parsing included file '/home/ws/caliptra/mojtabab/caliptra/ws2/chipsalliance/caliptra-rtl/submodules/adams-bridge/src/abr_top/uvmf/uvmf_template_output/project_benches/mldsa/tb/sequences/src/ML_DSA_MLKEM_param_set_mix_sequence.svh'.
Back to file '/home/ws/caliptra/mojtabab/caliptra/ws2/chipsalliance/caliptra-rtl/submodules/adams-bridge/src/abr_top/uvmf/uvmf_template_output/project_benches/mldsa/tb/sequences/mldsa_sequences_pkg.sv'.
Parsing included file '/home/ws/caliptra/mojtabab/caliptra/ws2/chipsalliance/caliptra-rtl/submodules/adams-bridge/src/abr_top/uvmf/uvmf_template_output/project_benches/mldsa/tb/sequences/src/ML_KEM_keygen_KATs_sequence.svh'.
Back to file '/home/ws/caliptra/mojtabab/caliptra/ws2/chipsalliance/caliptra-rtl/submodules/adams-bridge/src/abr_top/uvmf/uvmf_template_output/project_benches/mldsa/tb/sequences/mldsa_sequences_pkg.sv'.
Parsing included file '/home/ws/caliptra/mojtabab/caliptra/ws2/chipsalliance/caliptra-rtl/submodules/adams-bridge/src/abr_top/uvmf/uvmf_template_output/project_benches/mldsa/tb/sequences/src/ML_KEM_512_keygen_KATs_sequence.svh'.
Back to file '/home/ws/caliptra/mojtabab/caliptra/ws2/chipsalliance/caliptra-rtl/submodules/adams-bridge/src/abr_top/uvmf/uvmf_template_output/project_benches/mldsa/tb/sequences/mldsa_sequences_pkg.sv'.
Parsing included file '/home/ws/caliptra/mojtabab/caliptra/ws2/chipsalliance/caliptra-rtl/submodules/adams-bridge/src/abr_top/uvmf/uvmf_template_output/project_benches/mldsa/tb/sequences/src/ML_KEM_512_kg_encaps_decaps_sequence.svh'.
Back to file '/home/ws/caliptra/mojtabab/caliptra/ws2/chipsalliance/caliptra-rtl/submodules/adams-bridge/src/abr_top/uvmf/uvmf_template_output/project_benches/mldsa/tb/sequences/mldsa_sequences_pkg.sv'.
Parsing included file '/home/ws/caliptra/mojtabab/caliptra/ws2/chipsalliance/caliptra-rtl/submodules/adams-bridge/src/abr_top/uvmf/uvmf_template_output/project_benches/mldsa/tb/sequences/src/ML_KEM_1024_kg_encaps_decaps_sequence.svh'.
Back to file '/home/ws/caliptra/mojtabab/caliptra/ws2/chipsalliance/caliptra-rtl/submodules/adams-bridge/src/abr_top/uvmf/uvmf_template_output/project_benches/mldsa/tb/sequences/mldsa_sequences_pkg.sv'.
Parsing included file '/home/ws/caliptra/mojtabab/caliptra/ws2/chipsalliance/caliptra-rtl/submodules/adams-bridge/src/abr_top/uvmf/uvmf_template_output/project_benches/mldsa/tb/sequences/src/ML_KEM_768_kg_encaps_decaps_sequence.svh'.
Back to file '/home/ws/caliptra/mojtabab/caliptra/ws2/chipsalliance/caliptra-rtl/submodules/adams-bridge/src/abr_top/uvmf/uvmf_template_output/project_benches/mldsa/tb/sequences/mldsa_sequences_pkg.sv'.
Parsing included file '/home/ws/caliptra/mojtabab/caliptra/ws2/chipsalliance/caliptra-rtl/submodules/adams-bridge/src/abr_top/uvmf/uvmf_template_output/project_benches/mldsa/tb/sequences/src/ML_KEM_512_encaps_decaps_KATs_sequence.svh'.
Back to file '/home/ws/caliptra/mojtabab/caliptra/ws2/chipsalliance/caliptra-rtl/submodules/adams-bridge/src/abr_top/uvmf/uvmf_template_output/project_benches/mldsa/tb/sequences/mldsa_sequences_pkg.sv'.
Parsing included file '/home/ws/caliptra/mojtabab/caliptra/ws2/chipsalliance/caliptra-rtl/submodules/adams-bridge/src/abr_top/uvmf/uvmf_template_output/project_benches/mldsa/tb/sequences/src/ML_KEM_768_encaps_decaps_KATs_sequence.svh'.
Back to file '/home/ws/caliptra/mojtabab/caliptra/ws2/chipsalliance/caliptra-rtl/submodules/adams-bridge/src/abr_top/uvmf/uvmf_template_output/project_benches/mldsa/tb/sequences/mldsa_sequences_pkg.sv'.
Parsing included file '/home/ws/caliptra/mojtabab/caliptra/ws2/chipsalliance/caliptra-rtl/submodules/adams-bridge/src/abr_top/uvmf/uvmf_template_output/project_benches/mldsa/tb/sequences/src/ML_KEM_768_keygen_KATs_sequence.svh'.
Back to file '/home/ws/caliptra/mojtabab/caliptra/ws2/chipsalliance/caliptra-rtl/submodules/adams-bridge/src/abr_top/uvmf/uvmf_template_output/project_benches/mldsa/tb/sequences/mldsa_sequences_pkg.sv'.
Parsing included file '/home/ws/caliptra/mojtabab/caliptra/ws2/chipsalliance/caliptra-rtl/submodules/adams-bridge/src/abr_top/uvmf/uvmf_template_output/project_benches/mldsa/tb/sequences/src/ML_KEM_encaps_KATs_sequence.svh'.
Back to file '/home/ws/caliptra/mojtabab/caliptra/ws2/chipsalliance/caliptra-rtl/submodules/adams-bridge/src/abr_top/uvmf/uvmf_template_output/project_benches/mldsa/tb/sequences/mldsa_sequences_pkg.sv'.
Parsing included file '/home/ws/caliptra/mojtabab/caliptra/ws2/chipsalliance/caliptra-rtl/submodules/adams-bridge/src/abr_top/uvmf/uvmf_template_output/project_benches/mldsa/tb/sequences/src/ML_KEM_decaps_KATs_sequence.svh'.
Back to file '/home/ws/caliptra/mojtabab/caliptra/ws2/chipsalliance/caliptra-rtl/submodules/adams-bridge/src/abr_top/uvmf/uvmf_template_output/project_benches/mldsa/tb/sequences/mldsa_sequences_pkg.sv'.
Parsing included file '/home/ws/caliptra/mojtabab/caliptra/ws2/chipsalliance/caliptra-rtl/submodules/adams-bridge/src/abr_top/uvmf/uvmf_template_output/project_benches/mldsa/tb/sequences/src/ML_KEM_keygen_decaps_self_check_sequence.svh'.
Back to file '/home/ws/caliptra/mojtabab/caliptra/ws2/chipsalliance/caliptra-rtl/submodules/adams-bridge/src/abr_top/uvmf/uvmf_template_output/project_benches/mldsa/tb/sequences/mldsa_sequences_pkg.sv'.
Parsing included file '/home/ws/caliptra/mojtabab/caliptra/ws2/chipsalliance/caliptra-rtl/submodules/adams-bridge/src/abr_top/uvmf/uvmf_template_output/project_benches/mldsa/tb/sequences/src/ML_KEM_base_sequence.svh'.
Back to file '/home/ws/caliptra/mojtabab/caliptra/ws2/chipsalliance/caliptra-rtl/submodules/adams-bridge/src/abr_top/uvmf/uvmf_template_output/project_benches/mldsa/tb/sequences/mldsa_sequences_pkg.sv'.
Parsing included file '/home/ws/caliptra/mojtabab/caliptra/ws2/chipsalliance/caliptra-rtl/submodules/adams-bridge/src/abr_top/uvmf/uvmf_template_output/project_benches/mldsa/tb/sequences/src/ML_KEM_randomized_keygen_sequence.svh'.
Back to file '/home/ws/caliptra/mojtabab/caliptra/ws2/chipsalliance/caliptra-rtl/submodules/adams-bridge/src/abr_top/uvmf/uvmf_template_output/project_benches/mldsa/tb/sequences/mldsa_sequences_pkg.sv'.
Parsing included file '/home/ws/caliptra/mojtabab/caliptra/ws2/chipsalliance/caliptra-rtl/submodules/adams-bridge/src/abr_top/uvmf/uvmf_template_output/project_benches/mldsa/tb/sequences/src/ML_KEM_randomized_encap_sequence.svh'.
Back to file '/home/ws/caliptra/mojtabab/caliptra/ws2/chipsalliance/caliptra-rtl/submodules/adams-bridge/src/abr_top/uvmf/uvmf_template_output/project_benches/mldsa/tb/sequences/mldsa_sequences_pkg.sv'.
Parsing included file '/home/ws/caliptra/mojtabab/caliptra/ws2/chipsalliance/caliptra-rtl/submodules/adams-bridge/src/abr_top/uvmf/uvmf_template_output/project_benches/mldsa/tb/sequences/src/ML_KEM_randomized_encap_input_fail_sequence.svh'.
Back to file '/home/ws/caliptra/mojtabab/caliptra/ws2/chipsalliance/caliptra-rtl/submodules/adams-bridge/src/abr_top/uvmf/uvmf_template_output/project_benches/mldsa/tb/sequences/mldsa_sequences_pkg.sv'.
Parsing included file '/home/ws/caliptra/mojtabab/caliptra/ws2/chipsalliance/caliptra-rtl/submodules/adams-bridge/src/abr_top/uvmf/uvmf_template_output/project_benches/mldsa/tb/sequences/src/ML_KEM_randomized_decap_sequence.svh'.
Back to file '/home/ws/caliptra/mojtabab/caliptra/ws2/chipsalliance/caliptra-rtl/submodules/adams-bridge/src/abr_top/uvmf/uvmf_template_output/project_benches/mldsa/tb/sequences/mldsa_sequences_pkg.sv'.
Parsing included file '/home/ws/caliptra/mojtabab/caliptra/ws2/chipsalliance/caliptra-rtl/submodules/adams-bridge/src/abr_top/uvmf/uvmf_template_output/project_benches/mldsa/tb/sequences/src/ML_KEM_randomized_decap_input_fail_sequence.svh'.
Back to file '/home/ws/caliptra/mojtabab/caliptra/ws2/chipsalliance/caliptra-rtl/submodules/adams-bridge/src/abr_top/uvmf/uvmf_template_output/project_benches/mldsa/tb/sequences/mldsa_sequences_pkg.sv'.
Parsing included file '/home/ws/caliptra/mojtabab/caliptra/ws2/chipsalliance/caliptra-rtl/submodules/adams-bridge/src/abr_top/uvmf/uvmf_template_output/project_benches/mldsa/tb/sequences/src/ML_KEM_randomized_keygen_decap_sequence.svh'.
Back to file '/home/ws/caliptra/mojtabab/caliptra/ws2/chipsalliance/caliptra-rtl/submodules/adams-bridge/src/abr_top/uvmf/uvmf_template_output/project_benches/mldsa/tb/sequences/mldsa_sequences_pkg.sv'.
Parsing included file '/home/ws/caliptra/mojtabab/caliptra/ws2/chipsalliance/caliptra-rtl/submodules/adams-bridge/src/abr_top/uvmf/uvmf_template_output/project_benches/mldsa/tb/sequences/src/ML_KEM_randomized_all_sequence.svh'.
Back to file '/home/ws/caliptra/mojtabab/caliptra/ws2/chipsalliance/caliptra-rtl/submodules/adams-bridge/src/abr_top/uvmf/uvmf_template_output/project_benches/mldsa/tb/sequences/mldsa_sequences_pkg.sv'.
Parsing included file '/home/ws/caliptra/mojtabab/caliptra/ws2/chipsalliance/caliptra-rtl/submodules/adams-bridge/src/abr_top/uvmf/uvmf_template_output/project_benches/mldsa/tb/sequences/src/ML_KEM_overwrite_sequence.svh'.
Back to file '/home/ws/caliptra/mojtabab/caliptra/ws2/chipsalliance/caliptra-rtl/submodules/adams-bridge/src/abr_top/uvmf/uvmf_template_output/project_benches/mldsa/tb/sequences/mldsa_sequences_pkg.sv'.
Parsing design file '/home/ws/caliptra/mojtabab/caliptra/ws2/chipsalliance/caliptra-rtl/submodules/adams-bridge/src/abr_top/uvmf/uvmf_template_output/project_benches/mldsa/tb/tests/mldsa_tests_pkg.sv'
Parsing included file '/home/cad/tools/mentor/questa/2022.2_1/questasim/verilog_src/uvm-1.1d/src/uvm_macros.svh'.
Back to file '/home/ws/caliptra/mojtabab/caliptra/ws2/chipsalliance/caliptra-rtl/submodules/adams-bridge/src/abr_top/uvmf/uvmf_template_output/project_benches/mldsa/tb/tests/mldsa_tests_pkg.sv'.
Parsing included file '/home/ws/caliptra/mojtabab/caliptra/ws2/chipsalliance/caliptra-rtl/submodules/adams-bridge/src/abr_top/uvmf/uvmf_template_output/project_benches/mldsa/tb/tests/src/test_top.svh'.
Back to file '/home/ws/caliptra/mojtabab/caliptra/ws2/chipsalliance/caliptra-rtl/submodules/adams-bridge/src/abr_top/uvmf/uvmf_template_output/project_benches/mldsa/tb/tests/mldsa_tests_pkg.sv'.
Parsing included file '/home/ws/caliptra/mojtabab/caliptra/ws2/chipsalliance/caliptra-rtl/submodules/adams-bridge/src/abr_top/uvmf/uvmf_template_output/project_benches/mldsa/tb/tests/src/register_test.svh'.
Back to file '/home/ws/caliptra/mojtabab/caliptra/ws2/chipsalliance/caliptra-rtl/submodules/adams-bridge/src/abr_top/uvmf/uvmf_template_output/project_benches/mldsa/tb/tests/mldsa_tests_pkg.sv'.
Parsing included file '/home/ws/caliptra/mojtabab/caliptra/ws2/chipsalliance/caliptra-rtl/submodules/adams-bridge/src/abr_top/uvmf/uvmf_template_output/project_benches/mldsa/tb/tests/src/example_derived_test.svh'.
Back to file '/home/ws/caliptra/mojtabab/caliptra/ws2/chipsalliance/caliptra-rtl/submodules/adams-bridge/src/abr_top/uvmf/uvmf_template_output/project_benches/mldsa/tb/tests/mldsa_tests_pkg.sv'.
Parsing included file '/home/ws/caliptra/mojtabab/caliptra/ws2/chipsalliance/caliptra-rtl/submodules/adams-bridge/src/abr_top/uvmf/uvmf_template_output/project_benches/mldsa/tb/tests/src/ML_DSA_randomized_reset_test.svh'.
Back to file '/home/ws/caliptra/mojtabab/caliptra/ws2/chipsalliance/caliptra-rtl/submodules/adams-bridge/src/abr_top/uvmf/uvmf_template_output/project_benches/mldsa/tb/tests/mldsa_tests_pkg.sv'.
Parsing included file '/home/ws/caliptra/mojtabab/caliptra/ws2/chipsalliance/caliptra-rtl/submodules/adams-bridge/src/abr_top/uvmf/uvmf_template_output/project_benches/mldsa/tb/tests/src/ML_DSA_randomized_key_gen_test.svh'.
Back to file '/home/ws/caliptra/mojtabab/caliptra/ws2/chipsalliance/caliptra-rtl/submodules/adams-bridge/src/abr_top/uvmf/uvmf_template_output/project_benches/mldsa/tb/tests/mldsa_tests_pkg.sv'.
Parsing included file '/home/ws/caliptra/mojtabab/caliptra/ws2/chipsalliance/caliptra-rtl/submodules/adams-bridge/src/abr_top/uvmf/uvmf_template_output/project_benches/mldsa/tb/tests/src/ML_DSA_randomized_zeroize_test.svh'.
Back to file '/home/ws/caliptra/mojtabab/caliptra/ws2/chipsalliance/caliptra-rtl/submodules/adams-bridge/src/abr_top/uvmf/uvmf_template_output/project_benches/mldsa/tb/tests/mldsa_tests_pkg.sv'.
Parsing included file '/home/ws/caliptra/mojtabab/caliptra/ws2/chipsalliance/caliptra-rtl/submodules/adams-bridge/src/abr_top/uvmf/uvmf_template_output/project_benches/mldsa/tb/tests/src/ML_DSA_randomized_early_run_test.svh'.
Back to file '/home/ws/caliptra/mojtabab/caliptra/ws2/chipsalliance/caliptra-rtl/submodules/adams-bridge/src/abr_top/uvmf/uvmf_template_output/project_benches/mldsa/tb/tests/mldsa_tests_pkg.sv'.
Parsing included file '/home/ws/caliptra/mojtabab/caliptra/ws2/chipsalliance/caliptra-rtl/submodules/adams-bridge/src/abr_top/uvmf/uvmf_template_output/project_benches/mldsa/tb/tests/src/ML_DSA_randomized_key_gen_and_sign_test.svh'.
Back to file '/home/ws/caliptra/mojtabab/caliptra/ws2/chipsalliance/caliptra-rtl/submodules/adams-bridge/src/abr_top/uvmf/uvmf_template_output/project_benches/mldsa/tb/tests/mldsa_tests_pkg.sv'.
Parsing included file '/home/ws/caliptra/mojtabab/caliptra/ws2/chipsalliance/caliptra-rtl/submodules/adams-bridge/src/abr_top/uvmf/uvmf_template_output/project_benches/mldsa/tb/tests/src/ML_DSA_randomized_sign_gen_test.svh'.
Back to file '/home/ws/caliptra/mojtabab/caliptra/ws2/chipsalliance/caliptra-rtl/submodules/adams-bridge/src/abr_top/uvmf/uvmf_template_output/project_benches/mldsa/tb/tests/mldsa_tests_pkg.sv'.
Parsing included file '/home/ws/caliptra/mojtabab/caliptra/ws2/chipsalliance/caliptra-rtl/submodules/adams-bridge/src/abr_top/uvmf/uvmf_template_output/project_benches/mldsa/tb/tests/src/ML_DSA_keygen_KATs_test.svh'.
Back to file '/home/ws/caliptra/mojtabab/caliptra/ws2/chipsalliance/caliptra-rtl/submodules/adams-bridge/src/abr_top/uvmf/uvmf_template_output/project_benches/mldsa/tb/tests/mldsa_tests_pkg.sv'.
Parsing included file '/home/ws/caliptra/mojtabab/caliptra/ws2/chipsalliance/caliptra-rtl/submodules/adams-bridge/src/abr_top/uvmf/uvmf_template_output/project_benches/mldsa/tb/tests/src/ML_DSA_44_keygen_KATs_test.svh'.
Back to file '/home/ws/caliptra/mojtabab/caliptra/ws2/chipsalliance/caliptra-rtl/submodules/adams-bridge/src/abr_top/uvmf/uvmf_template_output/project_benches/mldsa/tb/tests/mldsa_tests_pkg.sv'.
Parsing included file '/home/ws/caliptra/mojtabab/caliptra/ws2/chipsalliance/caliptra-rtl/submodules/adams-bridge/src/abr_top/uvmf/uvmf_template_output/project_benches/mldsa/tb/tests/src/ML_DSA_65_keygen_KATs_test.svh'.
Back to file '/home/ws/caliptra/mojtabab/caliptra/ws2/chipsalliance/caliptra-rtl/submodules/adams-bridge/src/abr_top/uvmf/uvmf_template_output/project_benches/mldsa/tb/tests/mldsa_tests_pkg.sv'.
Parsing included file '/home/ws/caliptra/mojtabab/caliptra/ws2/chipsalliance/caliptra-rtl/submodules/adams-bridge/src/abr_top/uvmf/uvmf_template_output/project_benches/mldsa/tb/tests/src/ML_DSA_keygen_signing_KATs_test.svh'.
Back to file '/home/ws/caliptra/mojtabab/caliptra/ws2/chipsalliance/caliptra-rtl/submodules/adams-bridge/src/abr_top/uvmf/uvmf_template_output/project_benches/mldsa/tb/tests/mldsa_tests_pkg.sv'.
Parsing included file '/home/ws/caliptra/mojtabab/caliptra/ws2/chipsalliance/caliptra-rtl/submodules/adams-bridge/src/abr_top/uvmf/uvmf_template_output/project_benches/mldsa/tb/tests/src/ML_DSA_verif_KATs_test.svh'.
Back to file '/home/ws/caliptra/mojtabab/caliptra/ws2/chipsalliance/caliptra-rtl/submodules/adams-bridge/src/abr_top/uvmf/uvmf_template_output/project_benches/mldsa/tb/tests/mldsa_tests_pkg.sv'.
Parsing included file '/home/ws/caliptra/mojtabab/caliptra/ws2/chipsalliance/caliptra-rtl/submodules/adams-bridge/src/abr_top/uvmf/uvmf_template_output/project_benches/mldsa/tb/tests/src/ML_DSA_verif_KATs_stream_msg_test.svh'.
Back to file '/home/ws/caliptra/mojtabab/caliptra/ws2/chipsalliance/caliptra-rtl/submodules/adams-bridge/src/abr_top/uvmf/uvmf_template_output/project_benches/mldsa/tb/tests/mldsa_tests_pkg.sv'.
Parsing included file '/home/ws/caliptra/mojtabab/caliptra/ws2/chipsalliance/caliptra-rtl/submodules/adams-bridge/src/abr_top/uvmf/uvmf_template_output/project_benches/mldsa/tb/tests/src/ML_DSA_randomized_verif_test.svh'.
Back to file '/home/ws/caliptra/mojtabab/caliptra/ws2/chipsalliance/caliptra-rtl/submodules/adams-bridge/src/abr_top/uvmf/uvmf_template_output/project_benches/mldsa/tb/tests/mldsa_tests_pkg.sv'.
Parsing included file '/home/ws/caliptra/mojtabab/caliptra/ws2/chipsalliance/caliptra-rtl/submodules/adams-bridge/src/abr_top/uvmf/uvmf_template_output/project_benches/mldsa/tb/tests/src/ML_DSA_randomized_verif_fail_test.svh'.
Back to file '/home/ws/caliptra/mojtabab/caliptra/ws2/chipsalliance/caliptra-rtl/submodules/adams-bridge/src/abr_top/uvmf/uvmf_template_output/project_benches/mldsa/tb/tests/mldsa_tests_pkg.sv'.
Parsing included file '/home/ws/caliptra/mojtabab/caliptra/ws2/chipsalliance/caliptra-rtl/submodules/adams-bridge/src/abr_top/uvmf/uvmf_template_output/project_benches/mldsa/tb/tests/src/ML_DSA_randomized_two_verif_on_fail_test.svh'.
Back to file '/home/ws/caliptra/mojtabab/caliptra/ws2/chipsalliance/caliptra-rtl/submodules/adams-bridge/src/abr_top/uvmf/uvmf_template_output/project_benches/mldsa/tb/tests/mldsa_tests_pkg.sv'.
Parsing included file '/home/ws/caliptra/mojtabab/caliptra/ws2/chipsalliance/caliptra-rtl/submodules/adams-bridge/src/abr_top/uvmf/uvmf_template_output/project_benches/mldsa/tb/tests/src/ML_DSA_randomized_h_decode_fail_test.svh'.
Back to file '/home/ws/caliptra/mojtabab/caliptra/ws2/chipsalliance/caliptra-rtl/submodules/adams-bridge/src/abr_top/uvmf/uvmf_template_output/project_benches/mldsa/tb/tests/mldsa_tests_pkg.sv'.
Parsing included file '/home/ws/caliptra/mojtabab/caliptra/ws2/chipsalliance/caliptra-rtl/submodules/adams-bridge/src/abr_top/uvmf/uvmf_template_output/project_benches/mldsa/tb/tests/src/ML_DSA_randomized_all_test.svh'.
Back to file '/home/ws/caliptra/mojtabab/caliptra/ws2/chipsalliance/caliptra-rtl/submodules/adams-bridge/src/abr_top/uvmf/uvmf_template_output/project_benches/mldsa/tb/tests/mldsa_tests_pkg.sv'.
Parsing included file '/home/ws/caliptra/mojtabab/caliptra/ws2/chipsalliance/caliptra-rtl/submodules/adams-bridge/src/abr_top/uvmf/uvmf_template_output/project_benches/mldsa/tb/tests/src/ML_DSA_randomized_KeySign_stream_msg_test.svh'.
Back to file '/home/ws/caliptra/mojtabab/caliptra/ws2/chipsalliance/caliptra-rtl/submodules/adams-bridge/src/abr_top/uvmf/uvmf_template_output/project_benches/mldsa/tb/tests/mldsa_tests_pkg.sv'.
Parsing included file '/home/ws/caliptra/mojtabab/caliptra/ws2/chipsalliance/caliptra-rtl/submodules/adams-bridge/src/abr_top/uvmf/uvmf_template_output/project_benches/mldsa/tb/tests/src/ML_DSA_randomized_verif_stream_msg_test.svh'.
Back to file '/home/ws/caliptra/mojtabab/caliptra/ws2/chipsalliance/caliptra-rtl/submodules/adams-bridge/src/abr_top/uvmf/uvmf_template_output/project_benches/mldsa/tb/tests/mldsa_tests_pkg.sv'.
Parsing included file '/home/ws/caliptra/mojtabab/caliptra/ws2/chipsalliance/caliptra-rtl/submodules/adams-bridge/src/abr_top/uvmf/uvmf_template_output/project_benches/mldsa/tb/tests/src/ML_DSA_randomized_zeroize_stream_msg_test.svh'.
Back to file '/home/ws/caliptra/mojtabab/caliptra/ws2/chipsalliance/caliptra-rtl/submodules/adams-bridge/src/abr_top/uvmf/uvmf_template_output/project_benches/mldsa/tb/tests/mldsa_tests_pkg.sv'.
Parsing included file '/home/ws/caliptra/mojtabab/caliptra/ws2/chipsalliance/caliptra-rtl/submodules/adams-bridge/src/abr_top/uvmf/uvmf_template_output/project_benches/mldsa/tb/tests/src/ML_DSA_externalmu_KATs_test.svh'.
Back to file '/home/ws/caliptra/mojtabab/caliptra/ws2/chipsalliance/caliptra-rtl/submodules/adams-bridge/src/abr_top/uvmf/uvmf_template_output/project_benches/mldsa/tb/tests/mldsa_tests_pkg.sv'.
Parsing included file '/home/ws/caliptra/mojtabab/caliptra/ws2/chipsalliance/caliptra-rtl/submodules/adams-bridge/src/abr_top/uvmf/uvmf_template_output/project_benches/mldsa/tb/tests/src/ML_DSA_externalmu_ACVP_KATs_test.svh'.
Back to file '/home/ws/caliptra/mojtabab/caliptra/ws2/chipsalliance/caliptra-rtl/submodules/adams-bridge/src/abr_top/uvmf/uvmf_template_output/project_benches/mldsa/tb/tests/mldsa_tests_pkg.sv'.
Parsing included file '/home/ws/caliptra/mojtabab/caliptra/ws2/chipsalliance/caliptra-rtl/submodules/adams-bridge/src/abr_top/uvmf/uvmf_template_output/project_benches/mldsa/tb/tests/src/ML_DSA_65_externalmu_ACVP_KATs_test.svh'.
Back to file '/home/ws/caliptra/mojtabab/caliptra/ws2/chipsalliance/caliptra-rtl/submodules/adams-bridge/src/abr_top/uvmf/uvmf_template_output/project_benches/mldsa/tb/tests/mldsa_tests_pkg.sv'.
Parsing included file '/home/ws/caliptra/mojtabab/caliptra/ws2/chipsalliance/caliptra-rtl/submodules/adams-bridge/src/abr_top/uvmf/uvmf_template_output/project_benches/mldsa/tb/tests/src/ML_DSA_44_externalmu_ACVP_KATs_test.svh'.
Back to file '/home/ws/caliptra/mojtabab/caliptra/ws2/chipsalliance/caliptra-rtl/submodules/adams-bridge/src/abr_top/uvmf/uvmf_template_output/project_benches/mldsa/tb/tests/mldsa_tests_pkg.sv'.
Parsing included file '/home/ws/caliptra/mojtabab/caliptra/ws2/chipsalliance/caliptra-rtl/submodules/adams-bridge/src/abr_top/uvmf/uvmf_template_output/project_benches/mldsa/tb/tests/src/ML_DSA_ACVP_rejection_KATs_test.svh'.
Back to file '/home/ws/caliptra/mojtabab/caliptra/ws2/chipsalliance/caliptra-rtl/submodules/adams-bridge/src/abr_top/uvmf/uvmf_template_output/project_benches/mldsa/tb/tests/mldsa_tests_pkg.sv'.
Parsing included file '/home/ws/caliptra/mojtabab/caliptra/ws2/chipsalliance/caliptra-rtl/submodules/adams-bridge/src/abr_top/uvmf/uvmf_template_output/project_benches/mldsa/tb/tests/src/ML_DSA_44_keygen_signing_KATs_test.svh'.
Back to file '/home/ws/caliptra/mojtabab/caliptra/ws2/chipsalliance/caliptra-rtl/submodules/adams-bridge/src/abr_top/uvmf/uvmf_template_output/project_benches/mldsa/tb/tests/mldsa_tests_pkg.sv'.
Parsing included file '/home/ws/caliptra/mojtabab/caliptra/ws2/chipsalliance/caliptra-rtl/submodules/adams-bridge/src/abr_top/uvmf/uvmf_template_output/project_benches/mldsa/tb/tests/src/ML_DSA_65_keygen_signing_KATs_test.svh'.
Back to file '/home/ws/caliptra/mojtabab/caliptra/ws2/chipsalliance/caliptra-rtl/submodules/adams-bridge/src/abr_top/uvmf/uvmf_template_output/project_benches/mldsa/tb/tests/mldsa_tests_pkg.sv'.
Parsing included file '/home/ws/caliptra/mojtabab/caliptra/ws2/chipsalliance/caliptra-rtl/submodules/adams-bridge/src/abr_top/uvmf/uvmf_template_output/project_benches/mldsa/tb/tests/src/ML_DSA_44_randomized_kg_sign_verify_test.svh'.
Back to file '/home/ws/caliptra/mojtabab/caliptra/ws2/chipsalliance/caliptra-rtl/submodules/adams-bridge/src/abr_top/uvmf/uvmf_template_output/project_benches/mldsa/tb/tests/mldsa_tests_pkg.sv'.
Parsing included file '/home/ws/caliptra/mojtabab/caliptra/ws2/chipsalliance/caliptra-rtl/submodules/adams-bridge/src/abr_top/uvmf/uvmf_template_output/project_benches/mldsa/tb/tests/src/ML_DSA_65_randomized_kg_sign_verify_test.svh'.
Back to file '/home/ws/caliptra/mojtabab/caliptra/ws2/chipsalliance/caliptra-rtl/submodules/adams-bridge/src/abr_top/uvmf/uvmf_template_output/project_benches/mldsa/tb/tests/mldsa_tests_pkg.sv'.
Parsing included file '/home/ws/caliptra/mojtabab/caliptra/ws2/chipsalliance/caliptra-rtl/submodules/adams-bridge/src/abr_top/uvmf/uvmf_template_output/project_benches/mldsa/tb/tests/src/ML_DSA_87_randomized_kg_sign_verify_test.svh'.
Back to file '/home/ws/caliptra/mojtabab/caliptra/ws2/chipsalliance/caliptra-rtl/submodules/adams-bridge/src/abr_top/uvmf/uvmf_template_output/project_benches/mldsa/tb/tests/mldsa_tests_pkg.sv'.
Parsing included file '/home/ws/caliptra/mojtabab/caliptra/ws2/chipsalliance/caliptra-rtl/submodules/adams-bridge/src/abr_top/uvmf/uvmf_template_output/project_benches/mldsa/tb/tests/src/ML_DSA_MLKEM_param_set_mix_test.svh'.
Back to file '/home/ws/caliptra/mojtabab/caliptra/ws2/chipsalliance/caliptra-rtl/submodules/adams-bridge/src/abr_top/uvmf/uvmf_template_output/project_benches/mldsa/tb/tests/mldsa_tests_pkg.sv'.
Parsing included file '/home/ws/caliptra/mojtabab/caliptra/ws2/chipsalliance/caliptra-rtl/submodules/adams-bridge/src/abr_top/uvmf/uvmf_template_output/project_benches/mldsa/tb/tests/src/ML_KEM_keygen_KATs_test.svh'.
Back to file '/home/ws/caliptra/mojtabab/caliptra/ws2/chipsalliance/caliptra-rtl/submodules/adams-bridge/src/abr_top/uvmf/uvmf_template_output/project_benches/mldsa/tb/tests/mldsa_tests_pkg.sv'.
Parsing included file '/home/ws/caliptra/mojtabab/caliptra/ws2/chipsalliance/caliptra-rtl/submodules/adams-bridge/src/abr_top/uvmf/uvmf_template_output/project_benches/mldsa/tb/tests/src/ML_KEM_512_keygen_KATs_test.svh'.
Back to file '/home/ws/caliptra/mojtabab/caliptra/ws2/chipsalliance/caliptra-rtl/submodules/adams-bridge/src/abr_top/uvmf/uvmf_template_output/project_benches/mldsa/tb/tests/mldsa_tests_pkg.sv'.
Parsing included file '/home/ws/caliptra/mojtabab/caliptra/ws2/chipsalliance/caliptra-rtl/submodules/adams-bridge/src/abr_top/uvmf/uvmf_template_output/project_benches/mldsa/tb/tests/src/ML_KEM_512_kg_encaps_decaps_test.svh'.
Back to file '/home/ws/caliptra/mojtabab/caliptra/ws2/chipsalliance/caliptra-rtl/submodules/adams-bridge/src/abr_top/uvmf/uvmf_template_output/project_benches/mldsa/tb/tests/mldsa_tests_pkg.sv'.
Parsing included file '/home/ws/caliptra/mojtabab/caliptra/ws2/chipsalliance/caliptra-rtl/submodules/adams-bridge/src/abr_top/uvmf/uvmf_template_output/project_benches/mldsa/tb/tests/src/ML_KEM_1024_kg_encaps_decaps_test.svh'.
Back to file '/home/ws/caliptra/mojtabab/caliptra/ws2/chipsalliance/caliptra-rtl/submodules/adams-bridge/src/abr_top/uvmf/uvmf_template_output/project_benches/mldsa/tb/tests/mldsa_tests_pkg.sv'.
Parsing included file '/home/ws/caliptra/mojtabab/caliptra/ws2/chipsalliance/caliptra-rtl/submodules/adams-bridge/src/abr_top/uvmf/uvmf_template_output/project_benches/mldsa/tb/tests/src/ML_KEM_768_kg_encaps_decaps_test.svh'.
Back to file '/home/ws/caliptra/mojtabab/caliptra/ws2/chipsalliance/caliptra-rtl/submodules/adams-bridge/src/abr_top/uvmf/uvmf_template_output/project_benches/mldsa/tb/tests/mldsa_tests_pkg.sv'.
Parsing included file '/home/ws/caliptra/mojtabab/caliptra/ws2/chipsalliance/caliptra-rtl/submodules/adams-bridge/src/abr_top/uvmf/uvmf_template_output/project_benches/mldsa/tb/tests/src/ML_KEM_512_encaps_decaps_KATs_test.svh'.
Back to file '/home/ws/caliptra/mojtabab/caliptra/ws2/chipsalliance/caliptra-rtl/submodules/adams-bridge/src/abr_top/uvmf/uvmf_template_output/project_benches/mldsa/tb/tests/mldsa_tests_pkg.sv'.
Parsing included file '/home/ws/caliptra/mojtabab/caliptra/ws2/chipsalliance/caliptra-rtl/submodules/adams-bridge/src/abr_top/uvmf/uvmf_template_output/project_benches/mldsa/tb/tests/src/ML_KEM_768_encaps_decaps_KATs_test.svh'.
Back to file '/home/ws/caliptra/mojtabab/caliptra/ws2/chipsalliance/caliptra-rtl/submodules/adams-bridge/src/abr_top/uvmf/uvmf_template_output/project_benches/mldsa/tb/tests/mldsa_tests_pkg.sv'.
Parsing included file '/home/ws/caliptra/mojtabab/caliptra/ws2/chipsalliance/caliptra-rtl/submodules/adams-bridge/src/abr_top/uvmf/uvmf_template_output/project_benches/mldsa/tb/tests/src/ML_KEM_768_keygen_KATs_test.svh'.
Back to file '/home/ws/caliptra/mojtabab/caliptra/ws2/chipsalliance/caliptra-rtl/submodules/adams-bridge/src/abr_top/uvmf/uvmf_template_output/project_benches/mldsa/tb/tests/mldsa_tests_pkg.sv'.
Parsing included file '/home/ws/caliptra/mojtabab/caliptra/ws2/chipsalliance/caliptra-rtl/submodules/adams-bridge/src/abr_top/uvmf/uvmf_template_output/project_benches/mldsa/tb/tests/src/ML_KEM_encaps_KATs_test.svh'.
Back to file '/home/ws/caliptra/mojtabab/caliptra/ws2/chipsalliance/caliptra-rtl/submodules/adams-bridge/src/abr_top/uvmf/uvmf_template_output/project_benches/mldsa/tb/tests/mldsa_tests_pkg.sv'.
Parsing included file '/home/ws/caliptra/mojtabab/caliptra/ws2/chipsalliance/caliptra-rtl/submodules/adams-bridge/src/abr_top/uvmf/uvmf_template_output/project_benches/mldsa/tb/tests/src/ML_KEM_decaps_KATs_test.svh'.
Back to file '/home/ws/caliptra/mojtabab/caliptra/ws2/chipsalliance/caliptra-rtl/submodules/adams-bridge/src/abr_top/uvmf/uvmf_template_output/project_benches/mldsa/tb/tests/mldsa_tests_pkg.sv'.
Parsing included file '/home/ws/caliptra/mojtabab/caliptra/ws2/chipsalliance/caliptra-rtl/submodules/adams-bridge/src/abr_top/uvmf/uvmf_template_output/project_benches/mldsa/tb/tests/src/ML_KEM_keygen_decaps_self_check_test.svh'.
Back to file '/home/ws/caliptra/mojtabab/caliptra/ws2/chipsalliance/caliptra-rtl/submodules/adams-bridge/src/abr_top/uvmf/uvmf_template_output/project_benches/mldsa/tb/tests/mldsa_tests_pkg.sv'.
Parsing included file '/home/ws/caliptra/mojtabab/caliptra/ws2/chipsalliance/caliptra-rtl/submodules/adams-bridge/src/abr_top/uvmf/uvmf_template_output/project_benches/mldsa/tb/tests/src/ML_KEM_randomized_keygen_test.svh'.
Back to file '/home/ws/caliptra/mojtabab/caliptra/ws2/chipsalliance/caliptra-rtl/submodules/adams-bridge/src/abr_top/uvmf/uvmf_template_output/project_benches/mldsa/tb/tests/mldsa_tests_pkg.sv'.
Parsing included file '/home/ws/caliptra/mojtabab/caliptra/ws2/chipsalliance/caliptra-rtl/submodules/adams-bridge/src/abr_top/uvmf/uvmf_template_output/project_benches/mldsa/tb/tests/src/ML_KEM_randomized_encap_test.svh'.
Back to file '/home/ws/caliptra/mojtabab/caliptra/ws2/chipsalliance/caliptra-rtl/submodules/adams-bridge/src/abr_top/uvmf/uvmf_template_output/project_benches/mldsa/tb/tests/mldsa_tests_pkg.sv'.
Parsing included file '/home/ws/caliptra/mojtabab/caliptra/ws2/chipsalliance/caliptra-rtl/submodules/adams-bridge/src/abr_top/uvmf/uvmf_template_output/project_benches/mldsa/tb/tests/src/ML_KEM_randomized_encap_input_fail_test.svh'.
Back to file '/home/ws/caliptra/mojtabab/caliptra/ws2/chipsalliance/caliptra-rtl/submodules/adams-bridge/src/abr_top/uvmf/uvmf_template_output/project_benches/mldsa/tb/tests/mldsa_tests_pkg.sv'.
Parsing included file '/home/ws/caliptra/mojtabab/caliptra/ws2/chipsalliance/caliptra-rtl/submodules/adams-bridge/src/abr_top/uvmf/uvmf_template_output/project_benches/mldsa/tb/tests/src/ML_KEM_randomized_decap_test.svh'.
Back to file '/home/ws/caliptra/mojtabab/caliptra/ws2/chipsalliance/caliptra-rtl/submodules/adams-bridge/src/abr_top/uvmf/uvmf_template_output/project_benches/mldsa/tb/tests/mldsa_tests_pkg.sv'.
Parsing included file '/home/ws/caliptra/mojtabab/caliptra/ws2/chipsalliance/caliptra-rtl/submodules/adams-bridge/src/abr_top/uvmf/uvmf_template_output/project_benches/mldsa/tb/tests/src/ML_KEM_randomized_decap_input_fail_test.svh'.
Back to file '/home/ws/caliptra/mojtabab/caliptra/ws2/chipsalliance/caliptra-rtl/submodules/adams-bridge/src/abr_top/uvmf/uvmf_template_output/project_benches/mldsa/tb/tests/mldsa_tests_pkg.sv'.
Parsing included file '/home/ws/caliptra/mojtabab/caliptra/ws2/chipsalliance/caliptra-rtl/submodules/adams-bridge/src/abr_top/uvmf/uvmf_template_output/project_benches/mldsa/tb/tests/src/ML_KEM_randomized_keygen_decap_test.svh'.
Back to file '/home/ws/caliptra/mojtabab/caliptra/ws2/chipsalliance/caliptra-rtl/submodules/adams-bridge/src/abr_top/uvmf/uvmf_template_output/project_benches/mldsa/tb/tests/mldsa_tests_pkg.sv'.
Parsing included file '/home/ws/caliptra/mojtabab/caliptra/ws2/chipsalliance/caliptra-rtl/submodules/adams-bridge/src/abr_top/uvmf/uvmf_template_output/project_benches/mldsa/tb/tests/src/ML_KEM_randomized_all_test.svh'.
Back to file '/home/ws/caliptra/mojtabab/caliptra/ws2/chipsalliance/caliptra-rtl/submodules/adams-bridge/src/abr_top/uvmf/uvmf_template_output/project_benches/mldsa/tb/tests/mldsa_tests_pkg.sv'.
Parsing included file '/home/ws/caliptra/mojtabab/caliptra/ws2/chipsalliance/caliptra-rtl/submodules/adams-bridge/src/abr_top/uvmf/uvmf_template_output/project_benches/mldsa/tb/tests/src/ML_KEM_overwrite_test.svh'.
Back to file '/home/ws/caliptra/mojtabab/caliptra/ws2/chipsalliance/caliptra-rtl/submodules/adams-bridge/src/abr_top/uvmf/uvmf_template_output/project_benches/mldsa/tb/tests/mldsa_tests_pkg.sv'.
Parsing design file '/home/ws/caliptra/mojtabab/caliptra/ws2/chipsalliance/caliptra-rtl/submodules/adams-bridge/src/abr_top/uvmf/uvmf_template_output/project_benches/mldsa/tb/testbench/hdl_top.sv'
Parsing design file '/home/ws/caliptra/mojtabab/caliptra/ws2/chipsalliance/caliptra-rtl/submodules/adams-bridge/src/abr_top/uvmf/uvmf_template_output/project_benches/mldsa/tb/testbench/hvl_top.sv'
CPU time: 5.775 seconds to compile
2026-09-23 21:02:33 [INFO]: Component providing global collateral: integration_lib::uvmf_mldsa
2026-09-23 21:02:33 [INFO]: vlogan -full64 -sverilog -kdb=common_elab -incr_vlogan +lint=IA_CHECKFAIL -vts_ignore_env='*OSCI_*' -vts_ignore_env='*QSYS_*' -vts_ignore_env='*QT_*' -vts_ignore_env='*SELINUX_*' -vts_ignore_env='*SSH*' -vts_ignore_env='*VOV*' -vts_ignore_env='*XDG*' -vts_ignore_env='*_LMFILES_*' -vts_ignore_env='VSCODE_*' -vts_ignore_env='TERM_PROGRAM*' -vts_ignore_env='*_modshare' -vts_ignore_env='DVT*' -vts_ignore_env=COLORTERM -vts_ignore_env=LIBGL_ALWAYS_INDIRECT -vts_ignore_env=ELECTRON_RUN_AS_NODE -vts_ignore_env=LOADEDMODULES -vts_ignore_env=LD_LIBRARY_PATH_BACKUP -vts_ignore_env=GIT_ASKPASS -vts_ignore_env=CPS_LOCAL_DIR -vts_ignore_env=JOB_LOCAL_DIR -vts_ignore_env=COMODULE_CACHE -vts_ignore_env=HOST -vts_ignore_env=HOSTNAME -vts_ignore_env=NC_NOLOG -vts_ignore_env=NC_JOBID -vts_ignore_env=NC_SLAVE_PID -vts_ignore_env=NC_TASKER_PID -vts_ignore_env=COMPUTE_SITE -vts_ignore_env=SIM_COLLATERAL_SIM_PATH -vts_ignore_env=SUBMIT_JOB_LOG_FILE -vts_ignore_env=UNAMEV -vts_ignore_env=VTS_USER_IGNORE_ENV -assert svaext +define+ABR_ASSERT_ON +define+SIMULATION -noinherit_timescale=1ns/1ps +warn=noRVOSFD -suppress=SV-LCM-PPWI  -f /home/pure_scratch/caliptra/users/users/mojtabab/workspaces/ws2-5f7b9b94d323d09d7504a798296fd540/mojtabab/libs/vcs/R-2020.12-SP2-7_Full64/integration_lib/uvmf_mldsa/rtl_files.verilog.f -assert svaext -noinherit_timescale=1ns/1ps  -work rtl
                         Chronologic VCS (TM)
      Version R-2020.12-SP2-7_Full64 -- Wed Sep 23 21:02:34 2026

                    Copyright (c) 1991 - 2022 Synopsys, Inc.
   This software and the associated documentation are proprietary to Synopsys,
 Inc. This software may only be used in accordance with the terms and conditions
 of a written license agreement with Synopsys, Inc. All other use, reproduction,
   or distribution of this software is strictly prohibited.  Licensed Products
     communicate with Synopsys servers for the purpose of providing software
    updates, detecting software piracy and verifying that customers are using
    Licensed Products in conformity with the applicable License Key for such
  Licensed Products. Synopsys will use information gathered in connection with
    this process to deliver software updates and pursue software pirates and
                                   infringers.

 Inclusivity & Diversity - Visit SolvNetPlus to read the "Synopsys Statement on
            Inclusivity and Diversity" (Refer to article 000036315 at
                        https://solvnetplus.synopsys.com)


Lint-[IA_CHECKFAIL] Incr-Analysis checking fail
  The design has to be re-analyzed due to inconsistent environment variables.
  Mismatching env variable: __LSF_JOB_TMPDIR__=/tmp/48725106.tmpdir.

*WARN* Open /home/mojtabab/manage.rc for read error: No such file or directory
*WARN* "/home/mojtabab/manage.rc" is invalid rcfile.
Parsing design file '/home/ws/caliptra/mojtabab/caliptra/ws2/chipsalliance/caliptra-rtl/submodules/adams-bridge/src/abr_top/rtl/abr_params_pkg.sv'
Parsing design file '/home/ws/caliptra/mojtabab/caliptra/ws2/chipsalliance/caliptra-rtl/submodules/adams-bridge/src/abr_top/rtl/abr_reg_pkg.sv'
Parsing design file '/home/ws/caliptra/mojtabab/caliptra/ws2/chipsalliance/caliptra-rtl/submodules/adams-bridge/src/abr_sampler_top/rtl/abr_sampler_pkg.sv'
Parsing design file '/home/ws/caliptra/mojtabab/caliptra/ws2/chipsalliance/caliptra-rtl/submodules/adams-bridge/src/abr_top/rtl/abr_ctrl_pkg.sv'
Parsing design file '/home/ws/caliptra/mojtabab/caliptra/ws2/chipsalliance/caliptra-rtl/submodules/adams-bridge/src/ntt_top/rtl/ntt_defines_pkg.sv'
Parsing design file '/home/ws/caliptra/mojtabab/caliptra/ws2/chipsalliance/caliptra-rtl/submodules/adams-bridge/src/abr_libs/rtl/abr_1r1w_ram.sv'
Parsing included file '/home/ws/caliptra/mojtabab/caliptra/ws2/chipsalliance/caliptra-rtl/submodules/adams-bridge/src/abr_prim/rtl/abr_prim_assert.sv'.
Parsing included file '/home/ws/caliptra/mojtabab/caliptra/ws2/chipsalliance/caliptra-rtl/submodules/adams-bridge/src/abr_prim/rtl/abr_prim_assert_standard_macros.svh'.
Parsing included file '/home/ws/caliptra/mojtabab/caliptra/ws2/chipsalliance/caliptra-rtl/submodules/adams-bridge/src/abr_prim/rtl/abr_prim_assert.sv'.
Back to file '/home/ws/caliptra/mojtabab/caliptra/ws2/chipsalliance/caliptra-rtl/submodules/adams-bridge/src/abr_prim/rtl/abr_prim_assert_standard_macros.svh'.
Back to file '/home/ws/caliptra/mojtabab/caliptra/ws2/chipsalliance/caliptra-rtl/submodules/adams-bridge/src/abr_prim/rtl/abr_prim_assert.sv'.
Parsing included file '/home/ws/caliptra/mojtabab/caliptra/ws2/chipsalliance/caliptra-rtl/submodules/adams-bridge/src/abr_prim/rtl/abr_prim_assert_sec_cm.svh'.
Parsing included file '/home/ws/caliptra/mojtabab/caliptra/ws2/chipsalliance/caliptra-rtl/submodules/adams-bridge/src/abr_prim/rtl/abr_prim_assert.sv'.
Back to file '/home/ws/caliptra/mojtabab/caliptra/ws2/chipsalliance/caliptra-rtl/submodules/adams-bridge/src/abr_prim/rtl/abr_prim_assert_sec_cm.svh'.
Back to file '/home/ws/caliptra/mojtabab/caliptra/ws2/chipsalliance/caliptra-rtl/submodules/adams-bridge/src/abr_prim/rtl/abr_prim_assert.sv'.
Parsing included file '/home/ws/caliptra/mojtabab/caliptra/ws2/chipsalliance/caliptra-rtl/submodules/adams-bridge/src/abr_prim/rtl/abr_prim_flop_macros.sv'.
Parsing included file '/home/ws/caliptra/mojtabab/caliptra/ws2/chipsalliance/caliptra-rtl/submodules/adams-bridge/src/abr_prim/rtl/abr_prim_assert.sv'.
Back to file '/home/ws/caliptra/mojtabab/caliptra/ws2/chipsalliance/caliptra-rtl/submodules/adams-bridge/src/abr_prim/rtl/abr_prim_flop_macros.sv'.
Back to file '/home/ws/caliptra/mojtabab/caliptra/ws2/chipsalliance/caliptra-rtl/submodules/adams-bridge/src/abr_prim/rtl/abr_prim_assert.sv'.
Back to file '/home/ws/caliptra/mojtabab/caliptra/ws2/chipsalliance/caliptra-rtl/submodules/adams-bridge/src/abr_libs/rtl/abr_1r1w_ram.sv'.
Parsing design file '/home/ws/caliptra/mojtabab/caliptra/ws2/chipsalliance/caliptra-rtl/submodules/adams-bridge/src/abr_libs/rtl/abr_1r1w_be_ram.sv'
Parsing included file '/home/ws/caliptra/mojtabab/caliptra/ws2/chipsalliance/caliptra-rtl/submodules/adams-bridge/src/abr_prim/rtl/abr_prim_assert.sv'.
Back to file '/home/ws/caliptra/mojtabab/caliptra/ws2/chipsalliance/caliptra-rtl/submodules/adams-bridge/src/abr_libs/rtl/abr_1r1w_be_ram.sv'.
Parsing design file '/home/ws/caliptra/mojtabab/caliptra/ws2/chipsalliance/caliptra-rtl/submodules/adams-bridge/src/abr_libs/rtl/abr_1r1w_512x4_ram.sv'
Parsing design file '/home/ws/caliptra/mojtabab/caliptra/ws2/chipsalliance/caliptra-rtl/submodules/adams-bridge/src/abr_libs/rtl/abr_ram_regout.sv'
Parsing design file '/home/ws/caliptra/mojtabab/caliptra/ws2/chipsalliance/caliptra-rtl/submodules/adams-bridge/src/abr_libs/rtl/abr_icg.sv'
Parsing included file '/home/ws/caliptra/mojtabab/caliptra/ws2/chipsalliance/caliptra-rtl/submodules/adams-bridge/src/abr_top/rtl/abr_config_defines.svh'.
Parsing included file '/home/ws/caliptra/mojtabab/caliptra/ws2/chipsalliance/caliptra-rtl/submodules/adams-bridge/src/abr_prim/rtl/abr_prim_assert.sv'.
Back to file '/home/ws/caliptra/mojtabab/caliptra/ws2/chipsalliance/caliptra-rtl/submodules/adams-bridge/src/abr_top/rtl/abr_config_defines.svh'.
Back to file '/home/ws/caliptra/mojtabab/caliptra/ws2/chipsalliance/caliptra-rtl/submodules/adams-bridge/src/abr_libs/rtl/abr_icg.sv'.
Parsing design file '/home/ws/caliptra/mojtabab/caliptra/ws2/chipsalliance/caliptra-rtl/submodules/adams-bridge/src/abr_libs/rtl/abr_2ff_sync.sv'
Parsing design file '/home/ws/caliptra/mojtabab/caliptra/ws2/chipsalliance/caliptra-rtl/submodules/adams-bridge/src/abr_libs/rtl/abr_piso_multi.sv'
Parsing included file '/home/ws/caliptra/mojtabab/caliptra/ws2/chipsalliance/caliptra-rtl/submodules/adams-bridge/src/abr_prim/rtl/abr_prim_assert.sv'.
Back to file '/home/ws/caliptra/mojtabab/caliptra/ws2/chipsalliance/caliptra-rtl/submodules/adams-bridge/src/abr_libs/rtl/abr_piso_multi.sv'.
Parsing design file '/home/ws/caliptra/mojtabab/caliptra/ws2/chipsalliance/caliptra-rtl/submodules/adams-bridge/src/abr_libs/rtl/abr_piso.sv'
Parsing design file '/home/ws/caliptra/mojtabab/caliptra/ws2/chipsalliance/caliptra-rtl/submodules/adams-bridge/src/abr_libs/rtl/abr_sample_buffer.sv'
Parsing design file '/home/ws/caliptra/mojtabab/caliptra/ws2/chipsalliance/caliptra-rtl/submodules/adams-bridge/src/abr_libs/rtl/abr_msg_buffer.sv'
Parsing included file '/home/ws/caliptra/mojtabab/caliptra/ws2/chipsalliance/caliptra-rtl/submodules/adams-bridge/src/abr_prim/rtl/abr_prim_assert.sv'.
Back to file '/home/ws/caliptra/mojtabab/caliptra/ws2/chipsalliance/caliptra-rtl/submodules/adams-bridge/src/abr_libs/rtl/abr_msg_buffer.sv'.
Parsing design file '/home/ws/caliptra/mojtabab/caliptra/ws2/chipsalliance/caliptra-rtl/submodules/adams-bridge/src/abr_libs/rtl/abr_rd_lat_buffer.sv'
Parsing design file '/home/ws/caliptra/mojtabab/caliptra/ws2/chipsalliance/caliptra-rtl/submodules/adams-bridge/src/abr_libs/rtl/abr_ahb_defines_pkg.sv'
Parsing design file '/home/ws/caliptra/mojtabab/caliptra/ws2/chipsalliance/caliptra-rtl/submodules/adams-bridge/src/abr_libs/rtl/abr_ahb_slv_sif.sv'
Parsing design file '/home/ws/caliptra/mojtabab/caliptra/ws2/chipsalliance/caliptra-rtl/submodules/adams-bridge/src/abr_libs/rtl/abr_adder.sv'
Parsing design file '/home/ws/caliptra/mojtabab/caliptra/ws2/chipsalliance/caliptra-rtl/submodules/adams-bridge/src/abr_libs/rtl/abr_add_sub_mod.sv'
Parsing design file '/home/ws/caliptra/mojtabab/caliptra/ws2/chipsalliance/caliptra-rtl/submodules/adams-bridge/src/abr_libs/rtl/abr_ntt_add_sub_mod.sv'
Parsing design file '/home/ws/caliptra/mojtabab/caliptra/ws2/chipsalliance/caliptra-rtl/submodules/adams-bridge/src/abr_libs/rtl/abr_splitter.sv'
Parsing included file '/home/ws/caliptra/mojtabab/caliptra/ws2/chipsalliance/caliptra-rtl/submodules/adams-bridge/src/abr_prim/rtl/abr_prim_assert.sv'.
Back to file '/home/ws/caliptra/mojtabab/caliptra/ws2/chipsalliance/caliptra-rtl/submodules/adams-bridge/src/abr_libs/rtl/abr_splitter.sv'.
Parsing design file '/home/ws/caliptra/mojtabab/caliptra/ws2/chipsalliance/caliptra-rtl/submodules/adams-bridge/src/abr_libs/rtl/abr_recombiner.sv'
Parsing design file '/home/ws/caliptra/mojtabab/caliptra/ws2/chipsalliance/caliptra-rtl/submodules/adams-bridge/src/abr_prim/rtl/abr_prim_alert_pkg.sv'
Parsing design file '/home/ws/caliptra/mojtabab/caliptra/ws2/chipsalliance/caliptra-rtl/submodules/adams-bridge/src/abr_prim/rtl/abr_prim_mubi_pkg.sv'
Parsing included file '/home/ws/caliptra/mojtabab/caliptra/ws2/chipsalliance/caliptra-rtl/submodules/adams-bridge/src/abr_prim/rtl/abr_prim_assert.sv'.
Back to file '/home/ws/caliptra/mojtabab/caliptra/ws2/chipsalliance/caliptra-rtl/submodules/adams-bridge/src/abr_prim/rtl/abr_prim_mubi_pkg.sv'.
Parsing design file '/home/ws/caliptra/mojtabab/caliptra/ws2/chipsalliance/caliptra-rtl/submodules/adams-bridge/src/abr_prim/rtl/abr_prim_cipher_pkg.sv'
Parsing design file '/home/ws/caliptra/mojtabab/caliptra/ws2/chipsalliance/caliptra-rtl/submodules/adams-bridge/src/abr_prim/rtl/abr_prim_pkg.sv'
Parsing design file '/home/ws/caliptra/mojtabab/caliptra/ws2/chipsalliance/caliptra-rtl/submodules/adams-bridge/src/abr_prim/rtl/abr_prim_sparse_fsm_pkg.sv'
Parsing design file '/home/ws/caliptra/mojtabab/caliptra/ws2/chipsalliance/caliptra-rtl/submodules/adams-bridge/src/abr_prim_generic/rtl/abr_prim_generic_flop_en.sv'
Parsing included file '/home/ws/caliptra/mojtabab/caliptra/ws2/chipsalliance/caliptra-rtl/submodules/adams-bridge/src/abr_prim/rtl/abr_prim_assert.sv'.
Back to file '/home/ws/caliptra/mojtabab/caliptra/ws2/chipsalliance/caliptra-rtl/submodules/adams-bridge/src/abr_prim_generic/rtl/abr_prim_generic_flop_en.sv'.
Parsing design file '/home/ws/caliptra/mojtabab/caliptra/ws2/chipsalliance/caliptra-rtl/submodules/adams-bridge/src/abr_prim_generic/rtl/abr_prim_generic_flop.sv'
Parsing included file '/home/ws/caliptra/mojtabab/caliptra/ws2/chipsalliance/caliptra-rtl/submodules/adams-bridge/src/abr_prim/rtl/abr_prim_assert.sv'.
Back to file '/home/ws/caliptra/mojtabab/caliptra/ws2/chipsalliance/caliptra-rtl/submodules/adams-bridge/src/abr_prim_generic/rtl/abr_prim_generic_flop.sv'.
Parsing design file '/home/ws/caliptra/mojtabab/caliptra/ws2/chipsalliance/caliptra-rtl/submodules/adams-bridge/src/abr_prim_generic/rtl/abr_prim_generic_buf.sv'
Parsing included file '/home/ws/caliptra/mojtabab/caliptra/ws2/chipsalliance/caliptra-rtl/submodules/adams-bridge/src/abr_prim/rtl/abr_prim_assert.sv'.
Back to file '/home/ws/caliptra/mojtabab/caliptra/ws2/chipsalliance/caliptra-rtl/submodules/adams-bridge/src/abr_prim_generic/rtl/abr_prim_generic_buf.sv'.
Parsing design file '/home/ws/caliptra/mojtabab/caliptra/ws2/chipsalliance/caliptra-rtl/submodules/adams-bridge/src/abr_prim_generic/rtl/abr_prim_generic_xor2.sv'
Parsing included file '/home/ws/caliptra/mojtabab/caliptra/ws2/chipsalliance/caliptra-rtl/submodules/adams-bridge/src/abr_prim/rtl/abr_prim_assert.sv'.
Back to file '/home/ws/caliptra/mojtabab/caliptra/ws2/chipsalliance/caliptra-rtl/submodules/adams-bridge/src/abr_prim_generic/rtl/abr_prim_generic_xor2.sv'.
Parsing design file '/home/ws/caliptra/mojtabab/caliptra/ws2/chipsalliance/caliptra-rtl/submodules/adams-bridge/src/abr_prim/rtl/abr_prim_lfsr.sv'
Parsing included file '/home/ws/caliptra/mojtabab/caliptra/ws2/chipsalliance/caliptra-rtl/submodules/adams-bridge/src/abr_prim/rtl/abr_prim_assert.sv'.
Back to file '/home/ws/caliptra/mojtabab/caliptra/ws2/chipsalliance/caliptra-rtl/submodules/adams-bridge/src/abr_prim/rtl/abr_prim_lfsr.sv'.
Parsing design file '/home/ws/caliptra/mojtabab/caliptra/ws2/chipsalliance/caliptra-rtl/submodules/adams-bridge/src/abr_prim/rtl/abr_prim_sec_anchor_buf.sv'
Parsing included file '/home/ws/caliptra/mojtabab/caliptra/ws2/chipsalliance/caliptra-rtl/submodules/adams-bridge/src/abr_prim/rtl/abr_prim_assert.sv'.
Back to file '/home/ws/caliptra/mojtabab/caliptra/ws2/chipsalliance/caliptra-rtl/submodules/adams-bridge/src/abr_prim/rtl/abr_prim_sec_anchor_buf.sv'.
Parsing design file '/home/ws/caliptra/mojtabab/caliptra/ws2/chipsalliance/caliptra-rtl/submodules/adams-bridge/src/abr_prim/rtl/abr_prim_count.sv'
Parsing included file '/home/ws/caliptra/mojtabab/caliptra/ws2/chipsalliance/caliptra-rtl/submodules/adams-bridge/src/abr_prim/rtl/abr_prim_assert.sv'.
Back to file '/home/ws/caliptra/mojtabab/caliptra/ws2/chipsalliance/caliptra-rtl/submodules/adams-bridge/src/abr_prim/rtl/abr_prim_count.sv'.
Parsing design file '/home/ws/caliptra/mojtabab/caliptra/ws2/chipsalliance/caliptra-rtl/submodules/adams-bridge/src/abr_prim/rtl/abr_prim_sparse_fsm_flop.sv'
Parsing included file '/home/ws/caliptra/mojtabab/caliptra/ws2/chipsalliance/caliptra-rtl/submodules/adams-bridge/src/abr_prim/rtl/abr_prim_assert.sv'.
Back to file '/home/ws/caliptra/mojtabab/caliptra/ws2/chipsalliance/caliptra-rtl/submodules/adams-bridge/src/abr_prim/rtl/abr_prim_sparse_fsm_flop.sv'.
Parsing design file '/home/ws/caliptra/mojtabab/caliptra/ws2/chipsalliance/caliptra-rtl/submodules/adams-bridge/src/abr_prim/rtl/abr_prim_dom_and_2share.sv'
Parsing included file '/home/ws/caliptra/mojtabab/caliptra/ws2/chipsalliance/caliptra-rtl/submodules/adams-bridge/src/abr_prim/rtl/abr_prim_assert.sv'.
Back to file '/home/ws/caliptra/mojtabab/caliptra/ws2/chipsalliance/caliptra-rtl/submodules/adams-bridge/src/abr_prim/rtl/abr_prim_dom_and_2share.sv'.
Parsing design file '/home/ws/caliptra/mojtabab/caliptra/ws2/chipsalliance/caliptra-rtl/submodules/adams-bridge/src/abr_prim/rtl/abr_prim_buf.sv'
Parsing included file '/home/ws/caliptra/mojtabab/caliptra/ws2/chipsalliance/caliptra-rtl/submodules/adams-bridge/src/abr_prim/rtl/abr_prim_module_name_macros.svh'.
Back to file '/home/ws/caliptra/mojtabab/caliptra/ws2/chipsalliance/caliptra-rtl/submodules/adams-bridge/src/abr_prim/rtl/abr_prim_buf.sv'.
Parsing design file '/home/ws/caliptra/mojtabab/caliptra/ws2/chipsalliance/caliptra-rtl/submodules/adams-bridge/src/abr_prim/rtl/abr_prim_flop.sv'
Parsing design file '/home/ws/caliptra/mojtabab/caliptra/ws2/chipsalliance/caliptra-rtl/submodules/adams-bridge/src/abr_prim/rtl/abr_prim_flop_en.sv'
Parsing design file '/home/ws/caliptra/mojtabab/caliptra/ws2/chipsalliance/caliptra-rtl/submodules/adams-bridge/src/abr_prim/rtl/abr_prim_xor2.sv'
Parsing design file '/home/ws/caliptra/mojtabab/caliptra/ws2/chipsalliance/caliptra-rtl/submodules/adams-bridge/src/rej_bounded/rtl/rej_bounded_ctrl.sv'
Parsing design file '/home/ws/caliptra/mojtabab/caliptra/ws2/chipsalliance/caliptra-rtl/submodules/adams-bridge/src/rej_bounded/rtl/rej_bounded2.sv'
Parsing design file '/home/ws/caliptra/mojtabab/caliptra/ws2/chipsalliance/caliptra-rtl/submodules/adams-bridge/src/rej_bounded/rtl/rej_bounded4.sv'
Parsing design file '/home/ws/caliptra/mojtabab/caliptra/ws2/chipsalliance/caliptra-rtl/submodules/adams-bridge/src/rej_sampler/rtl/rej_sampler_ctrl.sv'
Parsing design file '/home/ws/caliptra/mojtabab/caliptra/ws2/chipsalliance/caliptra-rtl/submodules/adams-bridge/src/rej_sampler/rtl/rej_sampler.sv'
Parsing design file '/home/ws/caliptra/mojtabab/caliptra/ws2/chipsalliance/caliptra-rtl/submodules/adams-bridge/src/exp_mask/rtl/exp_mask_ctrl.sv'
Parsing design file '/home/ws/caliptra/mojtabab/caliptra/ws2/chipsalliance/caliptra-rtl/submodules/adams-bridge/src/exp_mask/rtl/exp_mask.sv'
Parsing design file '/home/ws/caliptra/mojtabab/caliptra/ws2/chipsalliance/caliptra-rtl/submodules/adams-bridge/src/sample_in_ball/rtl/sample_in_ball_pkg.sv'
Parsing design file '/home/ws/caliptra/mojtabab/caliptra/ws2/chipsalliance/caliptra-rtl/submodules/adams-bridge/src/sample_in_ball/rtl/sib_mem.sv'
Parsing design file '/home/ws/caliptra/mojtabab/caliptra/ws2/chipsalliance/caliptra-rtl/submodules/adams-bridge/src/sample_in_ball/rtl/sample_in_ball_ctrl.sv'
Parsing design file '/home/ws/caliptra/mojtabab/caliptra/ws2/chipsalliance/caliptra-rtl/submodules/adams-bridge/src/sample_in_ball/rtl/sample_in_ball_shuffler.sv'
Parsing design file '/home/ws/caliptra/mojtabab/caliptra/ws2/chipsalliance/caliptra-rtl/submodules/adams-bridge/src/sample_in_ball/rtl/sample_in_ball.sv'
Parsing design file '/home/ws/caliptra/mojtabab/caliptra/ws2/chipsalliance/caliptra-rtl/submodules/adams-bridge/src/cbd_sampler/rtl/cbd_sampler_ctrl.sv'
Parsing design file '/home/ws/caliptra/mojtabab/caliptra/ws2/chipsalliance/caliptra-rtl/submodules/adams-bridge/src/cbd_sampler/rtl/cbd_sampler.sv'
Parsing design file '/home/ws/caliptra/mojtabab/caliptra/ws2/chipsalliance/caliptra-rtl/submodules/adams-bridge/src/abr_sha3/rtl/abr_sha3_pkg.sv'
Parsing design file '/home/ws/caliptra/mojtabab/caliptra/ws2/chipsalliance/caliptra-rtl/submodules/adams-bridge/src/abr_sha3/rtl/abr_keccak_round.sv'
Parsing included file '/home/ws/caliptra/mojtabab/caliptra/ws2/chipsalliance/caliptra-rtl/submodules/adams-bridge/src/abr_prim/rtl/abr_prim_assert.sv'.
Back to file '/home/ws/caliptra/mojtabab/caliptra/ws2/chipsalliance/caliptra-rtl/submodules/adams-bridge/src/abr_sha3/rtl/abr_keccak_round.sv'.
Parsing design file '/home/ws/caliptra/mojtabab/caliptra/ws2/chipsalliance/caliptra-rtl/submodules/adams-bridge/src/abr_sha3/rtl/abr_keccak_2share.sv'
Parsing included file '/home/ws/caliptra/mojtabab/caliptra/ws2/chipsalliance/caliptra-rtl/submodules/adams-bridge/src/abr_prim/rtl/abr_prim_assert.sv'.
Back to file '/home/ws/caliptra/mojtabab/caliptra/ws2/chipsalliance/caliptra-rtl/submodules/adams-bridge/src/abr_sha3/rtl/abr_keccak_2share.sv'.
Parsing design file '/home/ws/caliptra/mojtabab/caliptra/ws2/chipsalliance/caliptra-rtl/submodules/adams-bridge/src/abr_sha3/rtl/abr_sha3pad.sv'
Parsing included file '/home/ws/caliptra/mojtabab/caliptra/ws2/chipsalliance/caliptra-rtl/submodules/adams-bridge/src/abr_prim/rtl/abr_prim_assert.sv'.
Back to file '/home/ws/caliptra/mojtabab/caliptra/ws2/chipsalliance/caliptra-rtl/submodules/adams-bridge/src/abr_sha3/rtl/abr_sha3pad.sv'.
Parsing design file '/home/ws/caliptra/mojtabab/caliptra/ws2/chipsalliance/caliptra-rtl/submodules/adams-bridge/src/abr_sha3/rtl/abr_sha3.sv'
Parsing included file '/home/ws/caliptra/mojtabab/caliptra/ws2/chipsalliance/caliptra-rtl/submodules/adams-bridge/src/abr_prim/rtl/abr_prim_assert.sv'.
Back to file '/home/ws/caliptra/mojtabab/caliptra/ws2/chipsalliance/caliptra-rtl/submodules/adams-bridge/src/abr_sha3/rtl/abr_sha3.sv'.
Parsing design file '/home/ws/caliptra/mojtabab/caliptra/ws2/chipsalliance/caliptra-rtl/submodules/adams-bridge/src/abr_sampler_top/rtl/abr_sampler_top.sv'
Parsing included file '/home/ws/caliptra/mojtabab/caliptra/ws2/chipsalliance/caliptra-rtl/submodules/adams-bridge/src/abr_prim/rtl/abr_prim_assert.sv'.
Back to file '/home/ws/caliptra/mojtabab/caliptra/ws2/chipsalliance/caliptra-rtl/submodules/adams-bridge/src/abr_sampler_top/rtl/abr_sampler_top.sv'.
Parsing design file '/home/ws/caliptra/mojtabab/caliptra/ws2/chipsalliance/caliptra-rtl/submodules/adams-bridge/src/barrett_reduction/rtl/barrett_reduction.sv'
Parsing design file '/home/ws/caliptra/mojtabab/caliptra/ws2/chipsalliance/caliptra-rtl/submodules/adams-bridge/src/ntt_top/rtl/ntt_butterfly.sv'
Parsing design file '/home/ws/caliptra/mojtabab/caliptra/ws2/chipsalliance/caliptra-rtl/submodules/adams-bridge/src/ntt_top/rtl/ntt_mult_dsp.sv'
Parsing design file '/home/ws/caliptra/mojtabab/caliptra/ws2/chipsalliance/caliptra-rtl/submodules/adams-bridge/src/ntt_top/rtl/ntt_div2.sv'
Parsing design file '/home/ws/caliptra/mojtabab/caliptra/ws2/chipsalliance/caliptra-rtl/submodules/adams-bridge/src/ntt_top/rtl/ntt_buffer.sv'
Parsing design file '/home/ws/caliptra/mojtabab/caliptra/ws2/chipsalliance/caliptra-rtl/submodules/adams-bridge/src/ntt_top/rtl/ntt_shuffle_buffer.sv'
Parsing design file '/home/ws/caliptra/mojtabab/caliptra/ws2/chipsalliance/caliptra-rtl/submodules/adams-bridge/src/ntt_top/rtl/ntt_twiddle_lookup.sv'
Parsing design file '/home/ws/caliptra/mojtabab/caliptra/ws2/chipsalliance/caliptra-rtl/submodules/adams-bridge/src/ntt_top/rtl/ntt_ctrl.sv'
Parsing included file '/home/ws/caliptra/mojtabab/caliptra/ws2/chipsalliance/caliptra-rtl/submodules/adams-bridge/src/abr_prim/rtl/abr_prim_assert.sv'.
Back to file '/home/ws/caliptra/mojtabab/caliptra/ws2/chipsalliance/caliptra-rtl/submodules/adams-bridge/src/ntt_top/rtl/ntt_ctrl.sv'.
Parsing design file '/home/ws/caliptra/mojtabab/caliptra/ws2/chipsalliance/caliptra-rtl/submodules/adams-bridge/src/ntt_top/rtl/ntt_top.sv'
Parsing included file '/home/ws/caliptra/mojtabab/caliptra/ws2/chipsalliance/caliptra-rtl/submodules/adams-bridge/src/abr_prim/rtl/abr_prim_assert.sv'.
Back to file '/home/ws/caliptra/mojtabab/caliptra/ws2/chipsalliance/caliptra-rtl/submodules/adams-bridge/src/ntt_top/rtl/ntt_top.sv'.
Parsing design file '/home/ws/caliptra/mojtabab/caliptra/ws2/chipsalliance/caliptra-rtl/submodules/adams-bridge/src/ntt_top/rtl/ntt_hybrid_butterfly_2x2.sv'
Parsing design file '/home/ws/caliptra/mojtabab/caliptra/ws2/chipsalliance/caliptra-rtl/submodules/adams-bridge/src/ntt_top/rtl/ntt_karatsuba_pairwm.sv'
Parsing design file '/home/ws/caliptra/mojtabab/caliptra/ws2/chipsalliance/caliptra-rtl/submodules/adams-bridge/src/decompose/rtl/decompose_defines_pkg.sv'
Parsing design file '/home/ws/caliptra/mojtabab/caliptra/ws2/chipsalliance/caliptra-rtl/submodules/adams-bridge/src/decompose/rtl/decompose.sv'
Parsing included file '/home/ws/caliptra/mojtabab/caliptra/ws2/chipsalliance/caliptra-rtl/submodules/adams-bridge/src/abr_prim/rtl/abr_prim_assert.sv'.
Back to file '/home/ws/caliptra/mojtabab/caliptra/ws2/chipsalliance/caliptra-rtl/submodules/adams-bridge/src/decompose/rtl/decompose.sv'.
Parsing design file '/home/ws/caliptra/mojtabab/caliptra/ws2/chipsalliance/caliptra-rtl/submodules/adams-bridge/src/decompose/rtl/decompose_r1_lut.sv'
Parsing design file '/home/ws/caliptra/mojtabab/caliptra/ws2/chipsalliance/caliptra-rtl/submodules/adams-bridge/src/decompose/rtl/decompose_w1_mem.sv'
Parsing design file '/home/ws/caliptra/mojtabab/caliptra/ws2/chipsalliance/caliptra-rtl/submodules/adams-bridge/src/decompose/rtl/decompose_mod_2gamma2.sv'
Parsing design file '/home/ws/caliptra/mojtabab/caliptra/ws2/chipsalliance/caliptra-rtl/submodules/adams-bridge/src/decompose/rtl/decompose_ctrl.sv'
Parsing design file '/home/ws/caliptra/mojtabab/caliptra/ws2/chipsalliance/caliptra-rtl/submodules/adams-bridge/src/decompose/rtl/decompose_w1_encode.sv'
Parsing design file '/home/ws/caliptra/mojtabab/caliptra/ws2/chipsalliance/caliptra-rtl/submodules/adams-bridge/src/decompose/rtl/decompose_usehint.sv'
Parsing design file '/home/ws/caliptra/mojtabab/caliptra/ws2/chipsalliance/caliptra-rtl/submodules/adams-bridge/src/sk_decode/rtl/skdecode_defines_pkg.sv'
Parsing design file '/home/ws/caliptra/mojtabab/caliptra/ws2/chipsalliance/caliptra-rtl/submodules/adams-bridge/src/sk_encode/rtl/skencode.sv'
Parsing included file '/home/ws/caliptra/mojtabab/caliptra/ws2/chipsalliance/caliptra-rtl/submodules/adams-bridge/src/abr_prim/rtl/abr_prim_assert.sv'.
Back to file '/home/ws/caliptra/mojtabab/caliptra/ws2/chipsalliance/caliptra-rtl/submodules/adams-bridge/src/sk_encode/rtl/skencode.sv'.
Parsing design file '/home/ws/caliptra/mojtabab/caliptra/ws2/chipsalliance/caliptra-rtl/submodules/adams-bridge/src/sk_decode/rtl/skdecode_top.sv'
Parsing design file '/home/ws/caliptra/mojtabab/caliptra/ws2/chipsalliance/caliptra-rtl/submodules/adams-bridge/src/sk_decode/rtl/skdecode_ctrl.sv'
Parsing design file '/home/ws/caliptra/mojtabab/caliptra/ws2/chipsalliance/caliptra-rtl/submodules/adams-bridge/src/sk_decode/rtl/skdecode_s1s2_unpack.sv'
Parsing design file '/home/ws/caliptra/mojtabab/caliptra/ws2/chipsalliance/caliptra-rtl/submodules/adams-bridge/src/sk_decode/rtl/skdecode_t0_unpack.sv'
Parsing design file '/home/ws/caliptra/mojtabab/caliptra/ws2/chipsalliance/caliptra-rtl/submodules/adams-bridge/src/sk_decode/rtl/skdecode_defines_pkg.sv'
Parsing design file '/home/ws/caliptra/mojtabab/caliptra/ws2/chipsalliance/caliptra-rtl/submodules/adams-bridge/src/makehint/rtl/makehint_defines_pkg.sv'
Parsing design file '/home/ws/caliptra/mojtabab/caliptra/ws2/chipsalliance/caliptra-rtl/submodules/adams-bridge/src/makehint/rtl/hintgen.sv'
Parsing design file '/home/ws/caliptra/mojtabab/caliptra/ws2/chipsalliance/caliptra-rtl/submodules/adams-bridge/src/makehint/rtl/makehint.sv'
Parsing design file '/home/ws/caliptra/mojtabab/caliptra/ws2/chipsalliance/caliptra-rtl/submodules/adams-bridge/src/norm_check/rtl/norm_check_defines_pkg.sv'
Parsing design file '/home/ws/caliptra/mojtabab/caliptra/ws2/chipsalliance/caliptra-rtl/submodules/adams-bridge/src/norm_check/rtl/norm_check.sv'
Parsing design file '/home/ws/caliptra/mojtabab/caliptra/ws2/chipsalliance/caliptra-rtl/submodules/adams-bridge/src/norm_check/rtl/norm_check_ctrl.sv'
Parsing design file '/home/ws/caliptra/mojtabab/caliptra/ws2/chipsalliance/caliptra-rtl/submodules/adams-bridge/src/norm_check/rtl/norm_check_top.sv'
Parsing design file '/home/ws/caliptra/mojtabab/caliptra/ws2/chipsalliance/caliptra-rtl/submodules/adams-bridge/src/sig_encode_z/rtl/sigencode_z_defines_pkg.sv'
Parsing design file '/home/ws/caliptra/mojtabab/caliptra/ws2/chipsalliance/caliptra-rtl/submodules/adams-bridge/src/sig_encode_z/rtl/sigencode_z_top.sv'
Parsing design file '/home/ws/caliptra/mojtabab/caliptra/ws2/chipsalliance/caliptra-rtl/submodules/adams-bridge/src/sig_encode_z/rtl/sigencode_z_unit.sv'
Parsing design file '/home/ws/caliptra/mojtabab/caliptra/ws2/chipsalliance/caliptra-rtl/submodules/adams-bridge/src/sig_encode_z/rtl/sigencode_z_defines_pkg.sv'
Parsing design file '/home/ws/caliptra/mojtabab/caliptra/ws2/chipsalliance/caliptra-rtl/submodules/adams-bridge/src/sigdecode_h/rtl/sigdecode_h_defines_pkg.sv'
Parsing design file '/home/ws/caliptra/mojtabab/caliptra/ws2/chipsalliance/caliptra-rtl/submodules/adams-bridge/src/sigdecode_h/rtl/sigdecode_h.sv'
Parsing design file '/home/ws/caliptra/mojtabab/caliptra/ws2/chipsalliance/caliptra-rtl/submodules/adams-bridge/src/sigdecode_h/rtl/sigdecode_h_ctrl.sv'
Parsing design file '/home/ws/caliptra/mojtabab/caliptra/ws2/chipsalliance/caliptra-rtl/submodules/adams-bridge/src/sig_decode_z/rtl/sigdecode_z_defines_pkg.sv'
Parsing design file '/home/ws/caliptra/mojtabab/caliptra/ws2/chipsalliance/caliptra-rtl/submodules/adams-bridge/src/sig_decode_z/rtl/sigdecode_z_top.sv'
Parsing design file '/home/ws/caliptra/mojtabab/caliptra/ws2/chipsalliance/caliptra-rtl/submodules/adams-bridge/src/sig_decode_z/rtl/sigdecode_z_unit.sv'
Parsing design file '/home/ws/caliptra/mojtabab/caliptra/ws2/chipsalliance/caliptra-rtl/submodules/adams-bridge/src/sig_decode_z/rtl/sigdecode_z_defines_pkg.sv'
Parsing design file '/home/ws/caliptra/mojtabab/caliptra/ws2/chipsalliance/caliptra-rtl/submodules/adams-bridge/src/pk_decode/rtl/pkdecode.sv'
Parsing design file '/home/ws/caliptra/mojtabab/caliptra/ws2/chipsalliance/caliptra-rtl/submodules/adams-bridge/src/power2round/rtl/power2round_defines_pkg.sv'
Parsing design file '/home/ws/caliptra/mojtabab/caliptra/ws2/chipsalliance/caliptra-rtl/submodules/adams-bridge/src/power2round/rtl/power2round_top.sv'
Parsing design file '/home/ws/caliptra/mojtabab/caliptra/ws2/chipsalliance/caliptra-rtl/submodules/adams-bridge/src/power2round/rtl/power2round_ctrl.sv'
Parsing design file '/home/ws/caliptra/mojtabab/caliptra/ws2/chipsalliance/caliptra-rtl/submodules/adams-bridge/src/power2round/rtl/power2round_core.sv'
Parsing design file '/home/ws/caliptra/mojtabab/caliptra/ws2/chipsalliance/caliptra-rtl/submodules/adams-bridge/src/power2round/rtl/power2round_skencode.sv'
Parsing design file '/home/ws/caliptra/mojtabab/caliptra/ws2/chipsalliance/caliptra-rtl/submodules/adams-bridge/src/compress/rtl/compress_defines_pkg.sv'
Parsing design file '/home/ws/caliptra/mojtabab/caliptra/ws2/chipsalliance/caliptra-rtl/submodules/adams-bridge/src/compress/rtl/compress_top.sv'
Parsing design file '/home/ws/caliptra/mojtabab/caliptra/ws2/chipsalliance/caliptra-rtl/submodules/adams-bridge/src/compress/rtl/compress.sv'
Parsing design file '/home/ws/caliptra/mojtabab/caliptra/ws2/chipsalliance/caliptra-rtl/submodules/adams-bridge/src/compress/rtl/compress_ctrl.sv'
Parsing design file '/home/ws/caliptra/mojtabab/caliptra/ws2/chipsalliance/caliptra-rtl/submodules/adams-bridge/src/decompress/rtl/decompress_defines_pkg.sv'
Parsing design file '/home/ws/caliptra/mojtabab/caliptra/ws2/chipsalliance/caliptra-rtl/submodules/adams-bridge/src/decompress/rtl/decompress_top.sv'
Parsing design file '/home/ws/caliptra/mojtabab/caliptra/ws2/chipsalliance/caliptra-rtl/submodules/adams-bridge/src/decompress/rtl/decompress.sv'
Parsing design file '/home/ws/caliptra/mojtabab/caliptra/ws2/chipsalliance/caliptra-rtl/submodules/adams-bridge/src/decompress/rtl/decompress_ctrl.sv'
Parsing design file '/home/ws/caliptra/mojtabab/caliptra/ws2/chipsalliance/caliptra-rtl/submodules/adams-bridge/src/abr_top/rtl/abr_mem_if.sv'
Parsing design file '/home/ws/caliptra/mojtabab/caliptra/ws2/chipsalliance/caliptra-rtl/submodules/adams-bridge/src/abr_top/rtl/abr_mem_top.sv'
Parsing included file '/home/ws/caliptra/mojtabab/caliptra/ws2/chipsalliance/caliptra-rtl/submodules/adams-bridge/src/abr_top/rtl/abr_config_defines.svh'.
Back to file '/home/ws/caliptra/mojtabab/caliptra/ws2/chipsalliance/caliptra-rtl/submodules/adams-bridge/src/abr_top/rtl/abr_mem_top.sv'.
Parsing design file '/home/ws/caliptra/mojtabab/caliptra/ws2/chipsalliance/caliptra-rtl/submodules/adams-bridge/src/abr_top/rtl/abr_seq.sv'
Parsing design file '/home/ws/caliptra/mojtabab/caliptra/ws2/chipsalliance/caliptra-rtl/submodules/adams-bridge/src/abr_top/rtl/abr_seq_vec.sv'
Parsing design file '/home/ws/caliptra/mojtabab/caliptra/ws2/chipsalliance/caliptra-rtl/submodules/adams-bridge/src/abr_top/rtl/abr_ctrl.sv'
Parsing included file '/home/ws/caliptra/mojtabab/caliptra/ws2/chipsalliance/caliptra-rtl/submodules/adams-bridge/src/abr_top/rtl/abr_config_defines.svh'.
Back to file '/home/ws/caliptra/mojtabab/caliptra/ws2/chipsalliance/caliptra-rtl/submodules/adams-bridge/src/abr_top/rtl/abr_ctrl.sv'.
Parsing design file '/home/ws/caliptra/mojtabab/caliptra/ws2/chipsalliance/caliptra-rtl/submodules/adams-bridge/src/abr_top/rtl/abr_top.sv'
Parsing included file '/home/ws/caliptra/mojtabab/caliptra/ws2/chipsalliance/caliptra-rtl/submodules/adams-bridge/src/abr_top/rtl/abr_config_defines.svh'.
Back to file '/home/ws/caliptra/mojtabab/caliptra/ws2/chipsalliance/caliptra-rtl/submodules/adams-bridge/src/abr_top/rtl/abr_top.sv'.
Parsing included file '/home/ws/caliptra/mojtabab/caliptra/ws2/chipsalliance/caliptra-rtl/submodules/adams-bridge/src/abr_prim/rtl/abr_prim_assert.sv'.
Back to file '/home/ws/caliptra/mojtabab/caliptra/ws2/chipsalliance/caliptra-rtl/submodules/adams-bridge/src/abr_top/rtl/abr_top.sv'.
Parsing design file '/home/ws/caliptra/mojtabab/caliptra/ws2/chipsalliance/caliptra-rtl/submodules/adams-bridge/src/abr_top/rtl/abr_reg.sv'
Parsing included file '/home/ws/caliptra/mojtabab/caliptra/ws2/chipsalliance/caliptra-rtl/submodules/adams-bridge/src/abr_prim/rtl/abr_prim_assert.sv'.
Back to file '/home/ws/caliptra/mojtabab/caliptra/ws2/chipsalliance/caliptra-rtl/submodules/adams-bridge/src/abr_top/rtl/abr_reg.sv'.
CPU time: .917 seconds to compile
2026-09-23 21:02:35 [INFO]: Component providing global collateral: integration_lib::uvmf_mldsa
2026-09-23 21:02:35 [INFO]: gcc -m64 -fPIC -Wall -g  -Wno-unused-variable -Wno-unused-function -DVCS -I/home/cad/tools/mentor/questa/2022.2_1/questasim/verilog_src/uvm-1.1d/src/dpi -I/home/cad/tools/synopsys/vcs-mx/2020.12-SP2-7/linux64/include -shared -c /home/cad/tools/mentor/questa/2022.2_1/questasim/verilog_src/uvm-1.1d/src/dpi/uvm_dpi.cc /home/cad/tools/mentor/questa/2022.2_1/questasim/verilog_src/uvm-1.1d/src/dpi/uvm_regex.cc
2026-09-23 21:02:35 [INFO]: Component providing global collateral: integration_lib::uvmf_mldsa
2026-09-23 21:02:35 [INFO]: gcc -m64 -fPIC -shared   -o /home/ws/caliptra/mojtabab/caliptra/ws2/scratch/mojtabab/libs/vcs/R-2020.12-SP2-7_Full64/integration_lib/uvmf_mldsa/dpi/lib_dpi.so /home/pure_scratch/caliptra/users/users/mojtabab/workspaces/ws2-5f7b9b94d323d09d7504a798296fd540/mojtabab/libs/vcs/R-2020.12-SP2-7_Full64/integration_lib/uvmf_mldsa/dpi/uvm_dpi.o /home/pure_scratch/caliptra/users/users/mojtabab/workspaces/ws2-5f7b9b94d323d09d7504a798296fd540/mojtabab/libs/vcs/R-2020.12-SP2-7_Full64/integration_lib/uvmf_mldsa/dpi/uvm_regex.o
2026-09-23 21:02:35 [INFO]: Component providing global collateral: integration_lib::uvmf_mldsa
2026-09-23 21:02:35 [INFO]: vcs -full64 -kdb=common_elab -lca -debug_access+all -j8 +vcs+lic+wait -partcomp -fastpartcomp=j8 -suppress=TFIPC  -assert enable_hier   hdl_top hvl_top -o simv.uvmf_mldsa

Warning-[LCA_FEATURES_ENABLED] Usage warning
  LCA features enabled by '-lca' argument on the command line.  For more 
  information regarding list of LCA features please refer to Chapter "LCA 
  features" in the VCS Release Notes

Doing common elaboration 
                         Chronologic VCS (TM)
      Version R-2020.12-SP2-7_Full64 -- Wed Sep 23 21:02:39 2026

                    Copyright (c) 1991 - 2022 Synopsys, Inc.
   This software and the associated documentation are proprietary to Synopsys,
 Inc. This software may only be used in accordance with the terms and conditions
 of a written license agreement with Synopsys, Inc. All other use, reproduction,
   or distribution of this software is strictly prohibited.  Licensed Products
     communicate with Synopsys servers for the purpose of providing software
    updates, detecting software piracy and verifying that customers are using
    Licensed Products in conformity with the applicable License Key for such
  Licensed Products. Synopsys will use information gathered in connection with
    this process to deliver software updates and pursue software pirates and
                                   infringers.

 Inclusivity & Diversity - Visit SolvNetPlus to read the "Synopsys Statement on
            Inclusivity and Diversity" (Refer to article 000036315 at
                        https://solvnetplus.synopsys.com)

Warning : License for product VCSCompiler_Net(722) will expire within 15 days, on: 07-oct-2026.

If you would like to temporarily disable this message, set 
 the VCS_LIC_EXPIRE_WARNING environment variable to the number of days
before expiration that you want this message to start (the minimum is 0).
*WARN* Open /home/mojtabab/manage.rc for read error: No such file or directory
*WARN* "/home/mojtabab/manage.rc" is invalid rcfile.
Top Level Modules:
       hdl_top
       hvl_top
TimeScale is 1 ns / 1 ps

Note-[PC_RECOMPILE] Recompiling partition
  Recompiling partition 'RTL.abr_ctrl_pkg' because of following changes.
  
  Modified Design Units : 
  	TB.mldsa_sequences_pkg : 
  "/home/ws/caliptra/mojtabab/caliptra/ws2/chipsalliance/caliptra-rtl/submodules/adams-bridge/src/abr_top/uvmf/uvmf_template_output/project_benches/mldsa/tb/sequences/mldsa_sequences_pkg.sv",
  22
  


Note-[PC_RECOMPILE] Recompiling partition
  Recompiling partition 'TB.hdl_top' because of following changes.
  
  Added Design Units : 
  	$unit : 
  "/home/ws/caliptra/mojtabab/caliptra/ws2/chipsalliance/caliptra-rtl/submodules/adams-bridge/src/abr_top/rtl/abr_params_pkg.sv",
  1
  	RTL.abr_prim_flop_en : 
  "/home/ws/caliptra/mojtabab/caliptra/ws2/chipsalliance/caliptra-rtl/submodules/adams-bridge/src/abr_prim/rtl/abr_prim_flop_en.sv",
  19
  	RTL.abr_prim_xor2 : 
  "/home/ws/caliptra/mojtabab/caliptra/ws2/chipsalliance/caliptra-rtl/submodules/adams-bridge/src/abr_prim/rtl/abr_prim_xor2.sv",
  19
  Removed Design Units : $unit 
  


Note-[PC_RECOMPILE] Recompiling partition
  Recompiling partition 'TB.hdl_top' because of following changes.
  
  Added Design Units : 
  	$unit : 
  "/home/ws/caliptra/mojtabab/caliptra/ws2/chipsalliance/caliptra-rtl/submodules/adams-bridge/src/abr_top/rtl/abr_params_pkg.sv",
  1
  	RTL.abr_prim_flop_en : 
  "/home/ws/caliptra/mojtabab/caliptra/ws2/chipsalliance/caliptra-rtl/submodules/adams-bridge/src/abr_prim/rtl/abr_prim_flop_en.sv",
  19
  	RTL.abr_prim_xor2 : 
  "/home/ws/caliptra/mojtabab/caliptra/ws2/chipsalliance/caliptra-rtl/submodules/adams-bridge/src/abr_prim/rtl/abr_prim_xor2.sv",
  19
  	RTL.rej_bounded4 : 
  "/home/ws/caliptra/mojtabab/caliptra/ws2/chipsalliance/caliptra-rtl/submodules/adams-bridge/src/rej_bounded/rtl/rej_bounded4.sv",
  31
  Removed Design Units : $unit 
  


Note-[PC_RECOMPILE] Recompiling partition
  Recompiling partition 'TB.hdl_top' because of following changes.
  
  Added Design Units : 
  	$unit : 
  "/home/ws/caliptra/mojtabab/caliptra/ws2/chipsalliance/caliptra-rtl/submodules/adams-bridge/src/abr_top/rtl/abr_params_pkg.sv",
  1
  	RTL.abr_prim_flop_en : 
  "/home/ws/caliptra/mojtabab/caliptra/ws2/chipsalliance/caliptra-rtl/submodules/adams-bridge/src/abr_prim/rtl/abr_prim_flop_en.sv",
  19
  	RTL.abr_prim_xor2 : 
  "/home/ws/caliptra/mojtabab/caliptra/ws2/chipsalliance/caliptra-rtl/submodules/adams-bridge/src/abr_prim/rtl/abr_prim_xor2.sv",
  19
  Removed Design Units : $unit 
  


Note-[PC_RECOMPILE] Recompiling partition
  Recompiling partition 'TB.hdl_top' because of following changes.
  
  Added Design Units : 
  	$unit : 
  "/home/ws/caliptra/mojtabab/caliptra/ws2/chipsalliance/caliptra-rtl/submodules/adams-bridge/src/abr_top/rtl/abr_params_pkg.sv",
  1
  	RTL.abr_prim_flop_en : 
  "/home/ws/caliptra/mojtabab/caliptra/ws2/chipsalliance/caliptra-rtl/submodules/adams-bridge/src/abr_prim/rtl/abr_prim_flop_en.sv",
  19
  	RTL.abr_prim_xor2 : 
  "/home/ws/caliptra/mojtabab/caliptra/ws2/chipsalliance/caliptra-rtl/submodules/adams-bridge/src/abr_prim/rtl/abr_prim_xor2.sv",
  19
  Removed Design Units : $unit 
  


Note-[PC_RECOMPILE] Recompiling partition
  Recompiling partition 'TB.hdl_top' because of following changes.
  
  Added Design Units : 
  	$unit : 
  "/home/ws/caliptra/mojtabab/caliptra/ws2/chipsalliance/caliptra-rtl/submodules/adams-bridge/src/abr_top/rtl/abr_params_pkg.sv",
  1
  	RTL.abr_prim_flop_en : 
  "/home/ws/caliptra/mojtabab/caliptra/ws2/chipsalliance/caliptra-rtl/submodules/adams-bridge/src/abr_prim/rtl/abr_prim_flop_en.sv",
  19
  	RTL.abr_prim_xor2 : 
  "/home/ws/caliptra/mojtabab/caliptra/ws2/chipsalliance/caliptra-rtl/submodules/adams-bridge/src/abr_prim/rtl/abr_prim_xor2.sv",
  19
  	RTL.rej_bounded4 : 
  "/home/ws/caliptra/mojtabab/caliptra/ws2/chipsalliance/caliptra-rtl/submodules/adams-bridge/src/rej_bounded/rtl/rej_bounded4.sv",
  31
  Removed Design Units : $unit 
  


Note-[PC_RECOMPILE] Recompiling partition
  Recompiling partition 'TB.hdl_top' because of following changes.
  
  Added Design Units : 
  	$unit : 
  "/home/ws/caliptra/mojtabab/caliptra/ws2/chipsalliance/caliptra-rtl/submodules/adams-bridge/src/abr_top/rtl/abr_params_pkg.sv",
  1
  	RTL.abr_prim_flop_en : 
  "/home/ws/caliptra/mojtabab/caliptra/ws2/chipsalliance/caliptra-rtl/submodules/adams-bridge/src/abr_prim/rtl/abr_prim_flop_en.sv",
  19
  	RTL.abr_prim_xor2 : 
  "/home/ws/caliptra/mojtabab/caliptra/ws2/chipsalliance/caliptra-rtl/submodules/adams-bridge/src/abr_prim/rtl/abr_prim_xor2.sv",
  19
  Removed Design Units : $unit 
  


Note-[PC_RECOMPILE] Recompiling partition
  Recompiling partition 'TB.hdl_top' because of following changes.
  
  Added Design Units : 
  	$unit : 
  "/home/ws/caliptra/mojtabab/caliptra/ws2/chipsalliance/caliptra-rtl/submodules/adams-bridge/src/abr_top/rtl/abr_params_pkg.sv",
  1
  	RTL.abr_prim_flop_en : 
  "/home/ws/caliptra/mojtabab/caliptra/ws2/chipsalliance/caliptra-rtl/submodules/adams-bridge/src/abr_prim/rtl/abr_prim_flop_en.sv",
  19
  	RTL.abr_prim_xor2 : 
  "/home/ws/caliptra/mojtabab/caliptra/ws2/chipsalliance/caliptra-rtl/submodules/adams-bridge/src/abr_prim/rtl/abr_prim_xor2.sv",
  19
  Removed Design Units : $unit 
  


Note-[PC_RECOMPILE] Recompiling partition
  Recompiling partition 'TB.hdl_top' because of following changes.
  
  Added Design Units : 
  	$unit : 
  "/home/ws/caliptra/mojtabab/caliptra/ws2/chipsalliance/caliptra-rtl/submodules/adams-bridge/src/abr_top/rtl/abr_params_pkg.sv",
  1
  	RTL.abr_prim_flop_en : 
  "/home/ws/caliptra/mojtabab/caliptra/ws2/chipsalliance/caliptra-rtl/submodules/adams-bridge/src/abr_prim/rtl/abr_prim_flop_en.sv",
  19
  	RTL.abr_prim_xor2 : 
  "/home/ws/caliptra/mojtabab/caliptra/ws2/chipsalliance/caliptra-rtl/submodules/adams-bridge/src/abr_prim/rtl/abr_prim_xor2.sv",
  19
  	RTL.rej_bounded4 : 
  "/home/ws/caliptra/mojtabab/caliptra/ws2/chipsalliance/caliptra-rtl/submodules/adams-bridge/src/rej_bounded/rtl/rej_bounded4.sv",
  31
  Removed Design Units : $unit 
  


Note-[PC_RECOMPILE] Recompiling partition
  Recompiling partition 'TB.hdl_top' because of following changes.
  
  Modified Design Units : 
  	RTL.abr_ctrl : 
  "/home/ws/caliptra/mojtabab/caliptra/ws2/chipsalliance/caliptra-rtl/submodules/adams-bridge/src/abr_top/rtl/abr_ctrl.sv",
  29
  	RTL.abr_params_pkg : 
  "/home/ws/caliptra/mojtabab/caliptra/ws2/chipsalliance/caliptra-rtl/submodules/adams-bridge/src/abr_top/rtl/abr_params_pkg.sv",
  26
  	RTL.abr_sampler_pkg : 
  "/home/ws/caliptra/mojtabab/caliptra/ws2/chipsalliance/caliptra-rtl/submodules/adams-bridge/src/abr_sampler_top/rtl/abr_sampler_pkg.sv",
  26
  	RTL.abr_sampler_top : 
  "/home/ws/caliptra/mojtabab/caliptra/ws2/chipsalliance/caliptra-rtl/submodules/adams-bridge/src/abr_sampler_top/rtl/abr_sampler_top.sv",
  15
  	RTL.cbd_sampler : 
  "/home/ws/caliptra/mojtabab/caliptra/ws2/chipsalliance/caliptra-rtl/submodules/adams-bridge/src/cbd_sampler/rtl/cbd_sampler.sv",
  17
  	RTL.cbd_sampler_ctrl : 
  "/home/ws/caliptra/mojtabab/caliptra/ws2/chipsalliance/caliptra-rtl/submodules/adams-bridge/src/cbd_sampler/rtl/cbd_sampler_ctrl.sv",
  16
  	RTL.decompose : 
  "/home/ws/caliptra/mojtabab/caliptra/ws2/chipsalliance/caliptra-rtl/submodules/adams-bridge/src/decompose/rtl/decompose.sv",
  37
  	RTL.decompose_mod_2gamma2 : 
  "/home/ws/caliptra/mojtabab/caliptra/ws2/chipsalliance/caliptra-rtl/submodules/adams-bridge/src/decompose/rtl/decompose_mod_2gamma2.sv",
  21
  	RTL.decompose_r1_lut : 
  "/home/ws/caliptra/mojtabab/caliptra/ws2/chipsalliance/caliptra-rtl/submodules/adams-bridge/src/decompose/rtl/decompose_r1_lut.sv",
  23
  	RTL.decompose_usehint : 
  "/home/ws/caliptra/mojtabab/caliptra/ws2/chipsalliance/caliptra-rtl/submodules/adams-bridge/src/decompose/rtl/decompose_usehint.sv",
  25
  	RTL.decompose_w1_encode : 
  "/home/ws/caliptra/mojtabab/caliptra/ws2/chipsalliance/caliptra-rtl/submodules/adams-bridge/src/decompose/rtl/decompose_w1_encode.sv",
  31
  	RTL.exp_mask : 
  "/home/ws/caliptra/mojtabab/caliptra/ws2/chipsalliance/caliptra-rtl/submodules/adams-bridge/src/exp_mask/rtl/exp_mask.sv",
  18
  	RTL.hintgen : 
  "/home/ws/caliptra/mojtabab/caliptra/ws2/chipsalliance/caliptra-rtl/submodules/adams-bridge/src/makehint/rtl/hintgen.sv",
  22
  	RTL.rej_bounded_ctrl : 
  "/home/ws/caliptra/mojtabab/caliptra/ws2/chipsalliance/caliptra-rtl/submodules/adams-bridge/src/rej_bounded/rtl/rej_bounded_ctrl.sv",
  16
  	RTL.sigdecode_z_top : 
  "/home/ws/caliptra/mojtabab/caliptra/ws2/chipsalliance/caliptra-rtl/submodules/adams-bridge/src/sig_decode_z/rtl/sigdecode_z_top.sv",
  29
  	RTL.sigencode_z_top : 
  "/home/ws/caliptra/mojtabab/caliptra/ws2/chipsalliance/caliptra-rtl/submodules/adams-bridge/src/sig_encode_z/rtl/sigencode_z_top.sv",
  29
  	RTL.skdecode_top : 
  "/home/ws/caliptra/mojtabab/caliptra/ws2/chipsalliance/caliptra-rtl/submodules/adams-bridge/src/sk_decode/rtl/skdecode_top.sv",
  32
  	TB.abr_params_pkg : 
  "/home/ws/caliptra/mojtabab/caliptra/ws2/chipsalliance/caliptra-rtl/submodules/adams-bridge/src/abr_top/rtl/abr_params_pkg.sv",
  26
  


Note-[PC_RECOMPILE] Recompiling partition
  Recompiling partition 'TB.hdl_top' because of following changes.
  
  Added Design Units : 
  	$unit : 
  "/home/ws/caliptra/mojtabab/caliptra/ws2/chipsalliance/caliptra-rtl/submodules/adams-bridge/src/abr_top/rtl/abr_params_pkg.sv",
  1
  	RTL.abr_prim_flop_en : 
  "/home/ws/caliptra/mojtabab/caliptra/ws2/chipsalliance/caliptra-rtl/submodules/adams-bridge/src/abr_prim/rtl/abr_prim_flop_en.sv",
  19
  	RTL.abr_prim_xor2 : 
  "/home/ws/caliptra/mojtabab/caliptra/ws2/chipsalliance/caliptra-rtl/submodules/adams-bridge/src/abr_prim/rtl/abr_prim_xor2.sv",
  19
  Removed Design Units : $unit 
  


Note-[PC_RECOMPILE] Recompiling partition
  Recompiling partition 'TB.hdl_top' because of following changes.
  
  Added Design Units : 
  	$unit : 
  "/home/ws/caliptra/mojtabab/caliptra/ws2/chipsalliance/caliptra-rtl/submodules/adams-bridge/src/abr_top/rtl/abr_params_pkg.sv",
  1
  	RTL.abr_prim_flop_en : 
  "/home/ws/caliptra/mojtabab/caliptra/ws2/chipsalliance/caliptra-rtl/submodules/adams-bridge/src/abr_prim/rtl/abr_prim_flop_en.sv",
  19
  	RTL.abr_prim_xor2 : 
  "/home/ws/caliptra/mojtabab/caliptra/ws2/chipsalliance/caliptra-rtl/submodules/adams-bridge/src/abr_prim/rtl/abr_prim_xor2.sv",
  19
  	RTL.rej_bounded4 : 
  "/home/ws/caliptra/mojtabab/caliptra/ws2/chipsalliance/caliptra-rtl/submodules/adams-bridge/src/rej_bounded/rtl/rej_bounded4.sv",
  31
  Removed Design Units : $unit 
  


Note-[PC_RECOMPILE] Recompiling partition
  Recompiling partition 'TB.hdl_top' because of following changes.
  
  Added Design Units : 
  	$unit : 
  "/home/ws/caliptra/mojtabab/caliptra/ws2/chipsalliance/caliptra-rtl/submodules/adams-bridge/src/abr_top/rtl/abr_params_pkg.sv",
  1
  	RTL.abr_prim_flop_en : 
  "/home/ws/caliptra/mojtabab/caliptra/ws2/chipsalliance/caliptra-rtl/submodules/adams-bridge/src/abr_prim/rtl/abr_prim_flop_en.sv",
  19
  	RTL.abr_prim_xor2 : 
  "/home/ws/caliptra/mojtabab/caliptra/ws2/chipsalliance/caliptra-rtl/submodules/adams-bridge/src/abr_prim/rtl/abr_prim_xor2.sv",
  19
  Removed Design Units : $unit 
  


Note-[PC_RECOMPILE] Recompiling partition
  Recompiling partition 'TB.hdl_top' because of following changes.
  
  Added Design Units : 
  	$unit : 
  "/home/ws/caliptra/mojtabab/caliptra/ws2/chipsalliance/caliptra-rtl/submodules/adams-bridge/src/abr_top/rtl/abr_params_pkg.sv",
  1
  	RTL.abr_prim_flop_en : 
  "/home/ws/caliptra/mojtabab/caliptra/ws2/chipsalliance/caliptra-rtl/submodules/adams-bridge/src/abr_prim/rtl/abr_prim_flop_en.sv",
  19
  	RTL.abr_prim_xor2 : 
  "/home/ws/caliptra/mojtabab/caliptra/ws2/chipsalliance/caliptra-rtl/submodules/adams-bridge/src/abr_prim/rtl/abr_prim_xor2.sv",
  19
  Removed Design Units : $unit 
  


Note-[PC_RECOMPILE] Recompiling partition
  Recompiling partition 'TB.hdl_top' because of following changes.
  
  Added Design Units : 
  	$unit : 
  "/home/ws/caliptra/mojtabab/caliptra/ws2/chipsalliance/caliptra-rtl/submodules/adams-bridge/src/abr_top/rtl/abr_params_pkg.sv",
  1
  	RTL.abr_prim_flop_en : 
  "/home/ws/caliptra/mojtabab/caliptra/ws2/chipsalliance/caliptra-rtl/submodules/adams-bridge/src/abr_prim/rtl/abr_prim_flop_en.sv",
  19
  	RTL.abr_prim_xor2 : 
  "/home/ws/caliptra/mojtabab/caliptra/ws2/chipsalliance/caliptra-rtl/submodules/adams-bridge/src/abr_prim/rtl/abr_prim_xor2.sv",
  19
  	RTL.rej_bounded4 : 
  "/home/ws/caliptra/mojtabab/caliptra/ws2/chipsalliance/caliptra-rtl/submodules/adams-bridge/src/rej_bounded/rtl/rej_bounded4.sv",
  31
  Removed Design Units : $unit 
  


Note-[PC_RECOMPILE] Recompiling partition
  Recompiling partition 'TB.hdl_top' because of following changes.
  
  Added Design Units : 
  	$unit : 
  "/home/ws/caliptra/mojtabab/caliptra/ws2/chipsalliance/caliptra-rtl/submodules/adams-bridge/src/abr_top/rtl/abr_params_pkg.sv",
  1
  	RTL.abr_prim_flop_en : 
  "/home/ws/caliptra/mojtabab/caliptra/ws2/chipsalliance/caliptra-rtl/submodules/adams-bridge/src/abr_prim/rtl/abr_prim_flop_en.sv",
  19
  	RTL.abr_prim_xor2 : 
  "/home/ws/caliptra/mojtabab/caliptra/ws2/chipsalliance/caliptra-rtl/submodules/adams-bridge/src/abr_prim/rtl/abr_prim_xor2.sv",
  19
  Removed Design Units : $unit 
  


Note-[PC_RECOMPILE] Recompiling partition
  Recompiling partition 'TB.hdl_top' because of following changes.
  
  Added Design Units : 
  	$unit : 
  "/home/ws/caliptra/mojtabab/caliptra/ws2/chipsalliance/caliptra-rtl/submodules/adams-bridge/src/abr_top/rtl/abr_params_pkg.sv",
  1
  	RTL.abr_prim_flop_en : 
  "/home/ws/caliptra/mojtabab/caliptra/ws2/chipsalliance/caliptra-rtl/submodules/adams-bridge/src/abr_prim/rtl/abr_prim_flop_en.sv",
  19
  	RTL.abr_prim_xor2 : 
  "/home/ws/caliptra/mojtabab/caliptra/ws2/chipsalliance/caliptra-rtl/submodules/adams-bridge/src/abr_prim/rtl/abr_prim_xor2.sv",
  19
  Removed Design Units : $unit 
  


Note-[PC_RECOMPILE] Recompiling partition
  Recompiling partition 'TB.hdl_top' because of following changes.
  
  Added Design Units : 
  	$unit : 
  "/home/ws/caliptra/mojtabab/caliptra/ws2/chipsalliance/caliptra-rtl/submodules/adams-bridge/src/abr_top/rtl/abr_params_pkg.sv",
  1
  	RTL.abr_prim_flop_en : 
  "/home/ws/caliptra/mojtabab/caliptra/ws2/chipsalliance/caliptra-rtl/submodules/adams-bridge/src/abr_prim/rtl/abr_prim_flop_en.sv",
  19
  	RTL.abr_prim_xor2 : 
  "/home/ws/caliptra/mojtabab/caliptra/ws2/chipsalliance/caliptra-rtl/submodules/adams-bridge/src/abr_prim/rtl/abr_prim_xor2.sv",
  19
  	RTL.rej_bounded4 : 
  "/home/ws/caliptra/mojtabab/caliptra/ws2/chipsalliance/caliptra-rtl/submodules/adams-bridge/src/rej_bounded/rtl/rej_bounded4.sv",
  31
  Removed Design Units : $unit 
  


Note-[PC_RECOMPILE] Recompiling partition
  Recompiling partition 'TB.hdl_top' because of following changes.
  
  Modified Design Units : 
  	RTL.abr_ctrl : 
  "/home/ws/caliptra/mojtabab/caliptra/ws2/chipsalliance/caliptra-rtl/submodules/adams-bridge/src/abr_top/rtl/abr_ctrl.sv",
  29
  	RTL.abr_params_pkg : 
  "/home/ws/caliptra/mojtabab/caliptra/ws2/chipsalliance/caliptra-rtl/submodules/adams-bridge/src/abr_top/rtl/abr_params_pkg.sv",
  26
  	RTL.abr_sampler_pkg : 
  "/home/ws/caliptra/mojtabab/caliptra/ws2/chipsalliance/caliptra-rtl/submodules/adams-bridge/src/abr_sampler_top/rtl/abr_sampler_pkg.sv",
  26
  	RTL.abr_sampler_top : 
  "/home/ws/caliptra/mojtabab/caliptra/ws2/chipsalliance/caliptra-rtl/submodules/adams-bridge/src/abr_sampler_top/rtl/abr_sampler_top.sv",
  15
  	RTL.cbd_sampler : 
  "/home/ws/caliptra/mojtabab/caliptra/ws2/chipsalliance/caliptra-rtl/submodules/adams-bridge/src/cbd_sampler/rtl/cbd_sampler.sv",
  17
  	RTL.cbd_sampler_ctrl : 
  "/home/ws/caliptra/mojtabab/caliptra/ws2/chipsalliance/caliptra-rtl/submodules/adams-bridge/src/cbd_sampler/rtl/cbd_sampler_ctrl.sv",
  16
  	RTL.decompose : 
  "/home/ws/caliptra/mojtabab/caliptra/ws2/chipsalliance/caliptra-rtl/submodules/adams-bridge/src/decompose/rtl/decompose.sv",
  37
  	RTL.decompose_mod_2gamma2 : 
  "/home/ws/caliptra/mojtabab/caliptra/ws2/chipsalliance/caliptra-rtl/submodules/adams-bridge/src/decompose/rtl/decompose_mod_2gamma2.sv",
  21
  	RTL.decompose_r1_lut : 
  "/home/ws/caliptra/mojtabab/caliptra/ws2/chipsalliance/caliptra-rtl/submodules/adams-bridge/src/decompose/rtl/decompose_r1_lut.sv",
  23
  	RTL.decompose_usehint : 
  "/home/ws/caliptra/mojtabab/caliptra/ws2/chipsalliance/caliptra-rtl/submodules/adams-bridge/src/decompose/rtl/decompose_usehint.sv",
  25
  	RTL.decompose_w1_encode : 
  "/home/ws/caliptra/mojtabab/caliptra/ws2/chipsalliance/caliptra-rtl/submodules/adams-bridge/src/decompose/rtl/decompose_w1_encode.sv",
  31
  	RTL.exp_mask : 
  "/home/ws/caliptra/mojtabab/caliptra/ws2/chipsalliance/caliptra-rtl/submodules/adams-bridge/src/exp_mask/rtl/exp_mask.sv",
  18
  	RTL.hintgen : 
  "/home/ws/caliptra/mojtabab/caliptra/ws2/chipsalliance/caliptra-rtl/submodules/adams-bridge/src/makehint/rtl/hintgen.sv",
  22
  	RTL.rej_bounded_ctrl : 
  "/home/ws/caliptra/mojtabab/caliptra/ws2/chipsalliance/caliptra-rtl/submodules/adams-bridge/src/rej_bounded/rtl/rej_bounded_ctrl.sv",
  16
  	RTL.sigdecode_z_top : 
  "/home/ws/caliptra/mojtabab/caliptra/ws2/chipsalliance/caliptra-rtl/submodules/adams-bridge/src/sig_decode_z/rtl/sigdecode_z_top.sv",
  29
  	RTL.sigencode_z_top : 
  "/home/ws/caliptra/mojtabab/caliptra/ws2/chipsalliance/caliptra-rtl/submodules/adams-bridge/src/sig_encode_z/rtl/sigencode_z_top.sv",
  29
  	RTL.skdecode_top : 
  "/home/ws/caliptra/mojtabab/caliptra/ws2/chipsalliance/caliptra-rtl/submodules/adams-bridge/src/sk_decode/rtl/skdecode_top.sv",
  32
  	TB.abr_params_pkg : 
  "/home/ws/caliptra/mojtabab/caliptra/ws2/chipsalliance/caliptra-rtl/submodules/adams-bridge/src/abr_top/rtl/abr_params_pkg.sv",
  26
  

/bin/rm -rf /home/pure_scratch/caliptra/users/users/mojtabab/workspaces/ws2-5f7b9b94d323d09d7504a798296fd540/mojtabab/libs/vcs/R-2020.12-SP2-7_Full64/integration_lib/uvmf_mldsa/partitionlib/RTL_abr_ctrl_pkg_8OG3yc/libvcspc_RTL_abr_ctrl_pkg_8OG3yc.so.daidir/ar.lst
/home/cad/tools/synopsys/vcs-mx/2020.12-SP2-7/bin/vcs -j8 -mx_invoke_vcs_from_tool -mxunielab     -file /home/pure_scratch/caliptra/users/users/mojtabab/workspaces/ws2-5f7b9b94d323d09d7504a798296fd540/mojtabab/libs/vcs/R-2020.12-SP2-7_Full64/integration_lib/uvmf_mldsa/simv.uvmf_mldsa.daidir/.partcomp_options -partcomp_master_daidir=/home/pure_scratch/caliptra/users/users/mojtabab/workspaces/ws2-5f7b9b94d323d09d7504a798296fd540/mojtabab/libs/vcs/R-2020.12-SP2-7_Full64/integration_lib/uvmf_mldsa/simv.uvmf_mldsa.daidir   -q  -assert svaext  -assert enable_hier   -full64   -file /home/pure_scratch/caliptra/users/users/mojtabab/workspaces/ws2-5f7b9b94d323d09d7504a798296fd540/mojtabab/libs/vcs/R-2020.12-SP2-7_Full64/integration_lib/uvmf_mldsa/simv.uvmf_mldsa.daidir/.partcomp_added_options  -cm_dir simv.uvmf_mldsa.vdb  -Xufe=skip_pc_config  -cm implAssert  -q     -partcomp=so -partcomp_so_dir=/home/pure_scratch/caliptra/users/users/mojtabab/workspaces/ws2-5f7b9b94d323d09d7504a798296fd540/mojtabab/libs/vcs/R-2020.12-SP2-7_Full64/integration_lib/uvmf_mldsa/partitionlib/RTL_abr_ctrl_pkg_8OG3yc VCS_PARTCOMP_LIB.pc_RTL_abr_ctrl_pkg_config -o /home/pure_scratch/caliptra/users/users/mojtabab/workspaces/ws2-5f7b9b94d323d09d7504a798296fd540/mojtabab/libs/vcs/R-2020.12-SP2-7_Full64/integration_lib/uvmf_mldsa/partitionlib/RTL_abr_ctrl_pkg_8OG3yc/libvcspc_RTL_abr_ctrl_pkg_8OG3yc.so -Mdir=/home/pure_scratch/caliptra/users/users/mojtabab/workspaces/ws2-5f7b9b94d323d09d7504a798296fd540/mojtabab/libs/vcs/R-2020.12-SP2-7_Full64/integration_lib/uvmf_mldsa/partitionlib/RTL_abr_ctrl_pkg_8OG3yc/csrc  -Xarijit=0x2 -sverilog   -l /home/pure_scratch/caliptra/users/users/mojtabab/workspaces/ws2-5f7b9b94d323d09d7504a798296fd540/mojtabab/libs/vcs/R-2020.12-SP2-7_Full64/integration_lib/uvmf_mldsa/partitionlib/RTL_abr_ctrl_pkg_8OG3yc/RTL_abr_ctrl_pkg_8OG3yc.log 
*WARN* Open /home/mojtabab/manage.rc for read error: No such file or directory
*WARN* "/home/mojtabab/manage.rc" is invalid rcfile.

Note-[VCS_PARAL] Parallel code-gen enabled
  VCS is running with parallel code generation(-j)...

47 modules and 0 UDP read.
recompiling package vcs_paramclassrepository
recompiling package abr_reg_uvm
recompiling package abr_prim_mubi_pkg
recompiling package rw_txn_pkg
recompiling package mldsa_reg_model_top_pkg
recompiling package uvm_pkg
recompiling package abr_params_pkg
recompiling package mvc_pkg
recompiling package abr_ctrl_pkg
recompiling package abr_sampler_pkg
recompiling package norm_check_defines_pkg
recompiling package abr_ahb_defines_pkg
recompiling package mgc_ahb_v2_0_pkg
recompiling package abr_prim_alert_pkg
recompiling package abr_prim_pkg
recompiling package ntt_defines_pkg
recompiling package uvmf_base_pkg_hdl
recompiling package abr_prim_cipher_pkg
recompiling package uvmf_base_pkg
recompiling package mgc_ahb_seq_pkg
recompiling package abr_reg_pkg
recompiling package sib_pkg
recompiling package ntt_defines_pkg
recompiling package QUESTA_MVC
recompiling package abr_params_pkg
recompiling package mldsa_tests_pkg
recompiling package makehint_defines_pkg
recompiling package skdecode_defines_pkg
recompiling package mldsa_sequences_pkg
recompiling package mldsa_parameters_pkg
recompiling package decompress_defines_pkg
recompiling package sigencode_z_defines_pkg
recompiling package txn_logger_pkg
recompiling package abr_sha3_pkg
recompiling package mldsa_env_pkg
recompiling package decompose_defines_pkg
recompiling package sigdecode_z_defines_pkg
recompiling package slave_mem_models_pkg
recompiling package qvip_utils_pkg
recompiling package qvip_ahb_lite_slave_pkg
recompiling package compress_defines_pkg
recompiling package sigdecode_h_defines_pkg
recompiling package addr_map_pkg
recompiling package qvip_ahb_lite_slave_params_pkg
recompiling package rw_api_seq_pkg
recompiling package abr_prim_sparse_fsm_pkg
recompiling package power2round_defines_pkg
All of 47 modules done
make[1]: Entering directory '/home/pure_scratch/caliptra/users/users/mojtabab/workspaces/ws2-5f7b9b94d323d09d7504a798296fd540/mojtabab/libs/vcs/R-2020.12-SP2-7_Full64/integration_lib/uvmf_mldsa/partitionlib/RTL_abr_ctrl_pkg_8OG3yc/csrc'
/home/pure_scratch/caliptra/users/users/mojtabab/workspaces/ws2-5f7b9b94d323d09d7504a798296fd540/mojtabab/libs/vcs/R-2020.12-SP2-7_Full64/integration_lib/uvmf_mldsa/partitionlib/RTL_abr_ctrl_pkg_8OG3yc/libvcspc_RTL_abr_ctrl_pkg_8OG3yc.so up to date
make[1]: Leaving directory '/home/pure_scratch/caliptra/users/users/mojtabab/workspaces/ws2-5f7b9b94d323d09d7504a798296fd540/mojtabab/libs/vcs/R-2020.12-SP2-7_Full64/integration_lib/uvmf_mldsa/partitionlib/RTL_abr_ctrl_pkg_8OG3yc/csrc'
/home/cad/tools/synopsys/vcs-mx/2020.12-SP2-7/bin/vcs: line 33903: 2756545 Segmentation fault      (core dumped) ${TOOL_HOME}/bin/cfs_ident_exec -f ${XML_INPUT_EXE} -o "${fsearchDir}/idents_tapi.xml" -o_SrcFile "${dirSrcFiles}/src_files_c" ${all_dyn_libs} > tapi_xml_writer.log
/home/cad/tools/synopsys/vcs-mx/2020.12-SP2-7/bin/vcs   -partcomp=stitch -Xufe=stitch_kdb -file /home/pure_scratch/caliptra/users/users/mojtabab/workspaces/ws2-5f7b9b94d323d09d7504a798296fd540/mojtabab/libs/vcs/R-2020.12-SP2-7_Full64/integration_lib/uvmf_mldsa/simv.uvmf_mldsa.daidir/.partcomp_stitch_options -Xpiyushb1=0x80 -sverilog  -full64     -file /home/pure_scratch/caliptra/users/users/mojtabab/workspaces/ws2-5f7b9b94d323d09d7504a798296fd540/mojtabab/libs/vcs/R-2020.12-SP2-7_Full64/integration_lib/uvmf_mldsa/simv.uvmf_mldsa.daidir/.partcomp_added_options  -cm implAssert   -file /home/pure_scratch/caliptra/users/users/mojtabab/workspaces/ws2-5f7b9b94d323d09d7504a798296fd540/mojtabab/libs/vcs/R-2020.12-SP2-7_Full64/integration_lib/uvmf_mldsa/simv.uvmf_mldsa.daidir/.stitch_so_list -o simv.uvmf_mldsa csrc/topshell_partcomp.v -file /home/pure_scratch/caliptra/users/users/mojtabab/workspaces/ws2-5f7b9b94d323d09d7504a798296fd540/mojtabab/libs/vcs/R-2020.12-SP2-7_Full64/integration_lib/uvmf_mldsa/simv.uvmf_mldsa.daidir/.topshell_list 
*** Using vcs compiler /home/cad/tools/synopsys/vcs-mx/2020.12-SP2-7/linux64/bin/vcs1 instead of /home/cad/tools/synopsys/vcs-mx/2020.12-SP2-7/linux64/bin/vcs1...
                         Chronologic VCS (TM)
      Version R-2020.12-SP2-7_Full64 -- Wed Sep 23 21:03:11 2026

                    Copyright (c) 1991 - 2022 Synopsys, Inc.
   This software and the associated documentation are proprietary to Synopsys,
 Inc. This software may only be used in accordance with the terms and conditions
 of a written license agreement with Synopsys, Inc. All other use, reproduction,
   or distribution of this software is strictly prohibited.  Licensed Products
     communicate with Synopsys servers for the purpose of providing software
    updates, detecting software piracy and verifying that customers are using
    Licensed Products in conformity with the applicable License Key for such
  Licensed Products. Synopsys will use information gathered in connection with
    this process to deliver software updates and pursue software pirates and
                                   infringers.

 Inclusivity & Diversity - Visit SolvNetPlus to read the "Synopsys Statement on
            Inclusivity and Diversity" (Refer to article 000036315 at
                        https://solvnetplus.synopsys.com)

Parsing design file 'csrc/topshell_partcomp.v'
Top Level Modules:
       hdl_top
       hvl_top
TimeScale is 1 ns / 1 ps
Starting vcs inline pass...

Note-[VCS_PARAL] Parallel code-gen enabled
  VCS is running with parallel code generation(-j)...

54 modules and 0 UDP read.
*WARN* Open /home/mojtabab/manage.rc for read error: No such file or directory
*WARN* "/home/mojtabab/manage.rc" is invalid rcfile.
Warning : License for product VCSCompiler_Net(722) will expire within 15 days, on: 07-oct-2026.

If you would like to temporarily disable this message, set 
 the VCS_LIC_EXPIRE_WARNING environment variable to the number of days
before expiration that you want this message to start (the minimum is 0).
make[1]: Entering directory '/home/pure_scratch/caliptra/users/users/mojtabab/workspaces/ws2-5f7b9b94d323d09d7504a798296fd540/mojtabab/libs/vcs/R-2020.12-SP2-7_Full64/integration_lib/uvmf_mldsa/csrc'
make[1]: Leaving directory '/home/pure_scratch/caliptra/users/users/mojtabab/workspaces/ws2-5f7b9b94d323d09d7504a798296fd540/mojtabab/libs/vcs/R-2020.12-SP2-7_Full64/integration_lib/uvmf_mldsa/csrc'
CPU time: .658 seconds to compile + .407 seconds to elab
Done Verilog partition compilations
Done all partition compilations

rm -f _cuarc*.so _csrc*.so pre_vcsobj_*.so share_vcsobj_*.so
if [ -x ../simv.uvmf_mldsa ]; then chmod a-x ../simv.uvmf_mldsa; fi
g++  -o ../simv.uvmf_mldsa    -Wl,--whole-archive  -Wl,--no-whole-archive -Wl,-rpath='$ORIGIN'//simv.uvmf_mldsa.daidir//libvcspc  -z muldefs -rdynamic -Wl,-rpath='$ORIGIN'/simv.uvmf_mldsa.daidir -Wl,-rpath=./simv.uvmf_mldsa.daidir -Wl,-rpath=/home/cad/tools/synopsys/vcs-mx/2020.12-SP2-7/linux64/lib -L/home/cad/tools/synopsys/vcs-mx/2020.12-SP2-7/linux64/lib -Wl,-rpath-link=./  /usr/lib64/libnuma.so.1   SIMB.o objs/SIM_d.o    SIM_l.o        pcomp_elab_code.o rmapats_mop.o rmapats.o rmar.o   libvcspc__SNPS_VCS_intf_repository.so __SNPS_VCS_intf_repositor_1_archive_1.so __SNPS_VCS_intf_repositor_2_archive_1.so libvcspc__vcs_pc_package__4opMYc.so __vcs_pc_package__4opMY_1_archive_1.so __vcs_pc_package__4opMY_2_archive_1.so __vcs_pc_package__4opMY_3_archive_1.so libvcspc_RTL_abr_ctrl_pkg_8OG3yc.so _RTL_abr_ctrl_pkg_8OG3y_1_archive_1.so _RTL_abr_ctrl_pkg_8OG3y_2_archive_1.so _RTL_abr_ctrl_pkg_8OG3y_3_archive_1.so _RTL_abr_ctrl_pkg_8OG3y_4_archive_1.so _RTL_abr_ctrl_pkg_8OG3y_5_archive_1.so _RTL_abr_ctrl_pkg_8OG3y_6_archive_1.so _RTL_abr_ctrl_pkg_8OG3y_7_archive_1.so _RTL_abr_ctrl_pkg_8OG3y_8_archive_1.so libvcspc_TB_hdl_top_XOHdeb.so _TB_hdl_top_XOHde_1_archive_1.so _TB_hdl_top_XOHde_2_archive_1.so _TB_hdl_top_XOHde_3_archive_1.so _TB_hdl_top_XOHde_4_archive_1.so _TB_hdl_top_XOHde_5_archive_1.so _TB_hdl_top_XOHde_6_archive_1.so _TB_hdl_top_XOHde_7_archive_1.so _TB_hdl_top_XOHde_8_archive_1.so           -lerrorinf -lsnpsmalloc -lvfs    -lvcsnew -lsimprofile -lvirsim -lvcsucli -lhdlxmr -lreader_common /home/cad/tools/synopsys/vcs-mx/2020.12-SP2-7/linux64/lib/libBA.a -luclinative /home/cad/tools/synopsys/vcs-mx/2020.12-SP2-7/linux64/lib/vcs_tls.o   -Wl,-whole-archive  -lvcsucli    -Wl,-no-whole-archive       ./../simv.uvmf_mldsa.daidir/vc_hdrs.o  _vcs_pli_stub_.o   /home/cad/tools/synopsys/vcs-mx/2020.12-SP2-7/linux64/lib/vcs_save_restore_new.o /home/cad/tools/synopsys/verdi/2021.09-1/share/PLI/VCS/LINUX64/pli.a -ldl  -lc -lm -lpthread -ldl 
../simv.uvmf_mldsa up to date
/home/cad/tools/synopsys/vcs-mx/2020.12-SP2-7/bin/vcs: line 33903: 2758890 Segmentation fault      (core dumped) ${TOOL_HOME}/bin/cfs_ident_exec -f ${XML_INPUT_EXE} -o "${fsearchDir}/idents_tapi.xml" -o_SrcFile "${dirSrcFiles}/src_files_c" ${all_dyn_libs} > tapi_xml_writer.log
CPU time: 1.336 seconds to compile + .050 seconds to elab + 1.042 seconds to link
Verdi KDB elaboration done and the database successfully generated
2026-09-23 21:03:21 [INFO]: Writing config file: /home/ws/caliptra/mojtabab/caliptra/ws2/scratch/mojtabab/libs/vcs/R-2020.12-SP2-7_Full64/integration_lib/uvmf_mldsa/build_config.yml
2026-09-23 21:03:21 [INFO]: Parsing log file /home/ws/caliptra/mojtabab/caliptra/ws2/scratch/mojtabab/libs/vcs/R-2020.12-SP2-7_Full64/integration_lib/uvmf_mldsa/build.log with the following config files /home/ws/caliptra/mojtabab/caliptra/ws2/common/caliptra_config/config/parse_build_log_config.yml
2026-09-23 21:03:21 [INFO]: There were 0 errors parsing log file
2026-09-23 21:03:22,201 [INFO] Child process completed.
2026-09-23 21:03:22,201 [INFO] Returning process return code=0
